=== ETAPA 5.3 ΓÇö UPDATE PERIODO + SUITE (#127) ===
[DEBUG][SQL] Executing (default): SELECT 1+1 AS result ([object Object]ms)
[INFO] Conectado no banco de dados
[DEBUG][SQL] Executing (default): SELECT * FROM hospedin_outbound_sync_state WHERE id_reserva_hospedagem = 124 ([object Object]ms)
[DEBUG][SQL] Executing (default): SELECT rh.id, rh.id_externo, rh.codigo_externo, rh.origem_reserva,
            rh.valor_pago, rh.saldo_pendente, rh.valor_total, rh.status,
            rh.checkin, rh.checkout, rh.observacoes,
            rs.id AS reserva_suite_id, rs.id_evento_suite, rs.adultos, rs.criancas,
            es.nome AS suite_nome
     FROM ReservaHospedagem rh
     LEFT JOIN ReservaSuite rs ON rs.id_reserva_hospedagem = rh.id
     LEFT JOIN EventoSuite es ON es.id = rs.id_evento_suite
     WHERE rh.id = 124
     LIMIT 1 ([object Object]ms)
[DEBUG][SQL] Executing (default): UPDATE hospedin_outbound_sync_state SET outbound_status = 'BLOCKED', updated_at = NOW() WHERE id_reserva_hospedagem = 124 ([object Object]ms)
[DEBUG][SQL] Executing (default): SELECT * FROM hospedin_outbound_sync_state WHERE id_reserva_hospedagem = 126 ([object Object]ms)
[DEBUG][SQL] Executing (default): SELECT rh.id, rh.id_externo, rh.codigo_externo, rh.origem_reserva,
            rh.valor_pago, rh.saldo_pendente, rh.valor_total, rh.status,
            rh.checkin, rh.checkout, rh.observacoes,
            rs.id AS reserva_suite_id, rs.id_evento_suite, rs.adultos, rs.criancas,
            es.nome AS suite_nome
     FROM ReservaHospedagem rh
     LEFT JOIN ReservaSuite rs ON rs.id_reserva_hospedagem = rh.id
     LEFT JOIN EventoSuite es ON es.id = rs.id_evento_suite
     WHERE rh.id = 126
     LIMIT 1 ([object Object]ms)
[DEBUG][SQL] Executing (default): UPDATE hospedin_outbound_sync_state SET outbound_status = 'BLOCKED', updated_at = NOW() WHERE id_reserva_hospedagem = 126 ([object Object]ms)
[DEBUG][SQL] Executing (default): SELECT rh.id, rh.id_externo, rh.codigo_externo, rh.origem_reserva,
            rh.valor_pago, rh.saldo_pendente, rh.valor_total, rh.status,
            rh.checkin, rh.checkout, rh.observacoes,
            rs.id AS reserva_suite_id, rs.id_evento_suite, rs.adultos, rs.criancas,
            es.nome AS suite_nome
     FROM ReservaHospedagem rh
     LEFT JOIN ReservaSuite rs ON rs.id_reserva_hospedagem = rh.id
     LEFT JOIN EventoSuite es ON es.id = rs.id_evento_suite
     WHERE rh.id = 127
     LIMIT 1 ([object Object]ms)
[DEBUG][SQL] Executing (default): SELECT * FROM hospedin_outbound_sync_state WHERE id_reserva_hospedagem = 127 ([object Object]ms)
BASELINE_127 {
  "reserva": {
    "id": 127,
    "id_externo": "30295972",
    "codigo_externo": "HO:001321",
    "origem_reserva": "ATENDENTE",
    "valor_pago": "0.00",
    "saldo_pendente": "1100.00",
    "valor_total": "1100.00",
    "status": "Confirmada",
    "checkin": "2026-10-18T14:00:00.000Z",
    "checkout": "2026-10-20T12:00:00.000Z",
    "observacoes": "HOMOLOG OUTBOUND ETAPA3 CREATE REAL 2026-09-03T04:29:42.239Z\n\nHOMOLOG UPDATE OUTBOUND #127 - OBS ALTERADA",
    "reserva_suite_id": 127,
    "id_evento_suite": 3,
    "adultos": 2,
    "criancas": 0,
    "suite_nome": "Tulipa"
  },
  "fila": {
    "id": 3,
    "id_reserva_hospedagem": 127,
    "outbound_status": "SYNCED",
    "desired_action": "UPDATE",
    "payload_hash": "38649c7280bb02ac715fb4d041cb497a59eb0faf6bef1c11082b1f9d6da8cedb",
    "pending_payload_hash": "38649c7280bb02ac715fb4d041cb497a59eb0faf6bef1c11082b1f9d6da8cedb",
    "synced_hash_input_json": "{\"checkin\":\"2026-10-18T10:00\",\"checkout\":\"2026-10-20T08:00\",\"idEventoSuite\":3,\"observacoes\":\"HOMOLOG OUTBOUND ETAPA3 CREATE REAL 2026-09-03T04:29:42.239Z\\n\\nHOMOLOG UPDATE OUTBOUND #127 - OBS ALTERADA\",\"adultos\":2,\"criancas\":0,\"hospedes\":[{\"nome\":\"Hospede Homolog Outbound ETAPA3\",\"tipo\":\"Adulto\",\"dataNascimento\":null}],\"status\":\"Confirmada\"}",
    "hospedin_reservation_id": "30295972",
    "hospedin_guest_id": "22618876",
    "retry_count": 0,
    "next_retry_at": null,
    "last_error": null,
    "error_code": null,
    "last_sync_at": "2026-09-03T04:47:24.000Z",
    "last_success_at": "2026-09-03T04:47:24.000Z",
    "processing_started_at": null,
    "processing_correlation_id": null,
    "dirty_at": "2026-09-03T04:47:22.000Z",
    "outbound_version": 2,
    "created_at": "2026-09-03T04:29:42.000Z",
    "updated_at": "2026-09-03T04:47:24.000Z"
  }
}
[DEBUG][SQL] Executing (default): SELECT u.id FROM ReservaHospedagem rh
     JOIN Evento e ON e.id = rh.id_evento
     JOIN ProdutorAcesso pa ON pa.id_produtor = e.id_produtor AND pa.tipo_acesso = 'Administrador'
     JOIN Usuario u ON u.id = pa.id_usuario
     WHERE rh.id = 127 AND u.ativo = 1 ORDER BY u.id ASC LIMIT 1 ([object Object]ms)
[DEBUG][SQL] Executing (default): SELECT adultos, criancas FROM ReservaSuite WHERE id_reserva_hospedagem = 127 LIMIT 1 ([object Object]ms)
[DEBUG][SQL] Executing (default): UPDATE ReservaSuite SET adultos = 3, updated_at = NOW() WHERE id_reserva_hospedagem = 127 ([object Object]ms)
[DEBUG][SQL] Executing (default): SELECT `ReservaHospedagem`.`id`, `ReservaHospedagem`.`id_evento` AS `idEvento`, `ReservaHospedagem`.`id_usuario` AS `idUsuario`, `ReservaHospedagem`.`checkin`, `ReservaHospedagem`.`checkout`, `ReservaHospedagem`.`noites`, `ReservaHospedagem`.`preco`, `ReservaHospedagem`.`taxa_servico` AS `taxaServico`, `ReservaHospedagem`.`valor_total` AS `valorTotal`, `ReservaHospedagem`.`valor_pago` AS `valorPago`, `ReservaHospedagem`.`saldo_pendente` AS `saldoPendente`, `ReservaHospedagem`.`forma_pagamento_recepcao` AS `formaPagamentoRecepcao`, `ReservaHospedagem`.`observacao_pagamento` AS `observacaoPagamento`, `ReservaHospedagem`.`comprovante_pagamento` AS `comprovantePagamento`, `ReservaHospedagem`.`origem_reserva` AS `origemReserva`, `ReservaHospedagem`.`id_externo` AS `idExterno`, `ReservaHospedagem`.`codigo_externo` AS `codigoExterno`, `ReservaHospedagem`.`canal_venda` AS `canalVenda`, `ReservaHospedagem`.`possivel_pagamento_ota` AS `possivelPagamentoOta`, `ReservaHospedagem`.`possivel_pagamento_ota_trecho` AS `possivelPagamentoOtaTrecho`, `ReservaHospedagem`.`id_usuario_criacao` AS `idUsuarioCriacao`, `ReservaHospedagem`.`status`, `ReservaHospedagem`.`id_transacao` AS `idTransacao`, `ReservaHospedagem`.`token_pagamento` AS `tokenPagamento`, `ReservaHospedagem`.`expira_em` AS `expiraEm`, `ReservaHospedagem`.`link_pagamento_enviado_em` AS `linkPagamentoEnviadoEm`, `ReservaHospedagem`.`data_confirmacao` AS `dataConfirmacao`, `ReservaHospedagem`.`data_hora_checkin_real` AS `dataHoraCheckinReal`, `ReservaHospedagem`.`id_usuario_checkin` AS `idUsuarioCheckin`, `ReservaHospedagem`.`data_hora_checkout_realizado` AS `dataHoraCheckoutRealizado`, `ReservaHospedagem`.`id_usuario_checkout` AS `idUsuarioCheckout`, `ReservaHospedagem`.`observacoes`, `ReservaHospedagem`.`observacao_importada` AS `observacaoImportada`, `ReservaHospedagem`.`observacao_operador` AS `observacaoOperador`, `ReservaHospedagem`.`created_at` AS `createdAt`, `ReservaHospedagem`.`updated_at` AS `updatedAt`, `Evento`.`id` AS `Evento.id`, `Evento`.`tipo` AS `Evento.tipo`, `ReservaSuite`.`id` AS `ReservaSuite.id`, `ReservaSuite`.`id_reserva_hospedagem` AS `ReservaSuite.idReservaHospedagem`, `ReservaSuite`.`id_evento_suite` AS `ReservaSuite.idEventoSuite`, `ReservaSuite`.`adultos` AS `ReservaSuite.adultos`, `ReservaSuite`.`criancas` AS `ReservaSuite.criancas`, `ReservaSuite`.`preco` AS `ReservaSuite.preco`, `ReservaSuite`.`taxa_servico` AS `ReservaSuite.taxaServico`, `ReservaSuite`.`valor_total` AS `ReservaSuite.valorTotal`, `ReservaSuite`.`valor_original` AS `ReservaSuite.valorOriginal`, `ReservaSuite`.`desconto_tipo` AS `ReservaSuite.descontoTipo`, `ReservaSuite`.`desconto_valor` AS `ReservaSuite.descontoValor`, `ReservaSuite`.`valor_final` AS `ReservaSuite.valorFinal`, `ReservaSuite`.`status` AS `ReservaSuite.status`, `ReservaSuite`.`created_at` AS `ReservaSuite.createdAt`, `ReservaSuite`.`updated_at` AS `ReservaSuite.updatedAt`, `ReservaSuite->ReservaHospede`.`id` AS `ReservaSuite.ReservaHospede.id`, `ReservaSuite->ReservaHospede`.`id_reserva_suite` AS `ReservaSuite.ReservaHospede.idReservaSuite`, `ReservaSuite->ReservaHospede`.`nome` AS `ReservaSuite.ReservaHospede.nome`, `ReservaSuite->ReservaHospede`.`tipo` AS `ReservaSuite.ReservaHospede.tipo`, `ReservaSuite->ReservaHospede`.`data_nascimento` AS `ReservaSuite.ReservaHospede.dataNascimento`, `ReservaSuite->ReservaHospede`.`id_usuario` AS `ReservaSuite.ReservaHospede.idUsuario`, `ReservaSuite->ReservaHospede`.`created_at` AS `ReservaSuite.ReservaHospede.createdAt`, `ReservaSuite->ReservaHospede`.`updated_at` AS `ReservaSuite.ReservaHospede.updatedAt` FROM `ReservaHospedagem` AS `ReservaHospedagem` LEFT OUTER JOIN `Evento` AS `Evento` ON `ReservaHospedagem`.`id_evento` = `Evento`.`id` LEFT OUTER JOIN `ReservaSuite` AS `ReservaSuite` ON `ReservaHospedagem`.`id` = `ReservaSuite`.`id_reserva_hospedagem` LEFT OUTER JOIN `ReservaHospede` AS `ReservaSuite->ReservaHospede` ON `ReservaSuite`.`id` = `ReservaSuite->ReservaHospede`.`id_reserva_suite` WHERE `ReservaHospedagem`.`id` = 127; ([object Object]ms)
[DEBUG][SQL] Executing (default): UPDATE hospedin_outbound_sync_state
     SET outbound_status = 'SYNCED',
         desired_action = 'UPDATE',
         payload_hash = '1cb88d717c81802ada7ab26f94030b50f4690b3530d3722e6feb9512e7088575',
         pending_payload_hash = '1cb88d717c81802ada7ab26f94030b50f4690b3530d3722e6feb9512e7088575',
         synced_hash_input_json = '{\"checkin\":\"2026-10-18T10:00\",\"checkout\":\"2026-10-20T08:00\",\"idEventoSuite\":3,\"observacoes\":\"HOMOLOG OUTBOUND ETAPA3 CREATE REAL 2026-09-03T04:29:42.239Z\\n\\nHOMOLOG UPDATE OUTBOUND #127 - OBS ALTERADA\",\"adultos\":3,\"criancas\":0}',
         last_error = NULL,
         error_code = NULL,
         updated_at = UTC_TIMESTAMP()
     WHERE id_reserva_hospedagem = 127 ([object Object]ms)
PREP_adultos_tulipa {
  "changed": true,
  "before": {
    "adultos": 2,
    "criancas": 0
  },
  "afterAdultos": 3
}
TESTE1_alterar_periodo {
  "de": {
    "checkin": "2026-10-18T14:00:00.000Z",
    "checkout": "2026-10-20T12:00:00.000Z"
  },
  "para": {
    "checkin": "2026-10-22T14:00:00.000Z",
    "checkout": "2026-10-24T12:00:00.000Z"
  }
}
[DEBUG][SQL] Executing (default): SELECT `id`, `adm_geral` AS `admGeral` FROM `Usuario` AS `Usuario` WHERE `Usuario`.`id` = 1; ([object Object]ms)
[DEBUG][SQL] Executing (default): SELECT `id_produtor` AS `idProdutor` FROM `ProdutorAcesso` AS `ProdutorAcesso` WHERE `ProdutorAcesso`.`id_usuario` = 1; ([object Object]ms)
[DEBUG][SQL] Executing (default): SELECT `ReservaHospedagem`.`id`, `ReservaHospedagem`.`id_evento` AS `idEvento`, `ReservaHospedagem`.`id_usuario` AS `idUsuario`, `ReservaHospedagem`.`checkin`, `ReservaHospedagem`.`checkout`, `ReservaHospedagem`.`noites`, `ReservaHospedagem`.`preco`, `ReservaHospedagem`.`taxa_servico` AS `taxaServico`, `ReservaHospedagem`.`valor_total` AS `valorTotal`, `ReservaHospedagem`.`valor_pago` AS `valorPago`, `ReservaHospedagem`.`saldo_pendente` AS `saldoPendente`, `ReservaHospedagem`.`forma_pagamento_recepcao` AS `formaPagamentoRecepcao`, `ReservaHospedagem`.`observacao_pagamento` AS `observacaoPagamento`, `ReservaHospedagem`.`comprovante_pagamento` AS `comprovantePagamento`, `ReservaHospedagem`.`origem_reserva` AS `origemReserva`, `ReservaHospedagem`.`id_externo` AS `idExterno`, `ReservaHospedagem`.`codigo_externo` AS `codigoExterno`, `ReservaHospedagem`.`canal_venda` AS `canalVenda`, `ReservaHospedagem`.`possivel_pagamento_ota` AS `possivelPagamentoOta`, `ReservaHospedagem`.`possivel_pagamento_ota_trecho` AS `possivelPagamentoOtaTrecho`, `ReservaHospedagem`.`id_usuario_criacao` AS `idUsuarioCriacao`, `ReservaHospedagem`.`status`, `ReservaHospedagem`.`id_transacao` AS `idTransacao`, `ReservaHospedagem`.`token_pagamento` AS `tokenPagamento`, `ReservaHospedagem`.`expira_em` AS `expiraEm`, `ReservaHospedagem`.`link_pagamento_enviado_em` AS `linkPagamentoEnviadoEm`, `ReservaHospedagem`.`data_confirmacao` AS `dataConfirmacao`, `ReservaHospedagem`.`data_hora_checkin_real` AS `dataHoraCheckinReal`, `ReservaHospedagem`.`id_usuario_checkin` AS `idUsuarioCheckin`, `ReservaHospedagem`.`data_hora_checkout_realizado` AS `dataHoraCheckoutRealizado`, `ReservaHospedagem`.`id_usuario_checkout` AS `idUsuarioCheckout`, `ReservaHospedagem`.`observacoes`, `ReservaHospedagem`.`observacao_importada` AS `observacaoImportada`, `ReservaHospedagem`.`observacao_operador` AS `observacaoOperador`, `ReservaHospedagem`.`created_at` AS `createdAt`, `ReservaHospedagem`.`updated_at` AS `updatedAt`, `Evento`.`id` AS `Evento.id`, `Evento`.`id_produtor` AS `Evento.idProdutor`, `ReservaSuite`.`id` AS `ReservaSuite.id`, `ReservaSuite`.`id_reserva_hospedagem` AS `ReservaSuite.idReservaHospedagem`, `ReservaSuite`.`id_evento_suite` AS `ReservaSuite.idEventoSuite`, `ReservaSuite`.`adultos` AS `ReservaSuite.adultos`, `ReservaSuite`.`criancas` AS `ReservaSuite.criancas`, `ReservaSuite`.`preco` AS `ReservaSuite.preco`, `ReservaSuite`.`taxa_servico` AS `ReservaSuite.taxaServico`, `ReservaSuite`.`valor_total` AS `ReservaSuite.valorTotal`, `ReservaSuite`.`valor_original` AS `ReservaSuite.valorOriginal`, `ReservaSuite`.`desconto_tipo` AS `ReservaSuite.descontoTipo`, `ReservaSuite`.`desconto_valor` AS `ReservaSuite.descontoValor`, `ReservaSuite`.`valor_final` AS `ReservaSuite.valorFinal`, `ReservaSuite`.`status` AS `ReservaSuite.status`, `ReservaSuite`.`created_at` AS `ReservaSuite.createdAt`, `ReservaSuite`.`updated_at` AS `ReservaSuite.updatedAt`, `ReservaSuite->EventoSuite`.`id` AS `ReservaSuite.EventoSuite.id`, `ReservaSuite->EventoSuite`.`nome` AS `ReservaSuite.EventoSuite.nome`, `ReservaSuite->EventoSuite`.`status` AS `ReservaSuite.EventoSuite.status`, `ReservaSuite->EventoSuite`.`qtde_minima_pessoas` AS `ReservaSuite.EventoSuite.qtdeMinimaPessoas`, `ReservaSuite->EventoSuite`.`qtde_maxima_pessoas` AS `ReservaSuite.EventoSuite.qtdeMaximaPessoas` FROM `ReservaHospedagem` AS `ReservaHospedagem` INNER JOIN `Evento` AS `Evento` ON `ReservaHospedagem`.`id_evento` = `Evento`.`id` LEFT OUTER JOIN `ReservaSuite` AS `ReservaSuite` ON `ReservaHospedagem`.`id` = `ReservaSuite`.`id_reserva_hospedagem` LEFT OUTER JOIN `EventoSuite` AS `ReservaSuite->EventoSuite` ON `ReservaSuite`.`id_evento_suite` = `ReservaSuite->EventoSuite`.`id` WHERE `ReservaHospedagem`.`id` = 127; ([object Object]ms)
[DEBUG][SQL] Executing (default): SELECT `ReservaSuite`.`id`, `ReservaSuite`.`id_reserva_hospedagem` AS `idReservaHospedagem`, `ReservaSuite`.`id_evento_suite` AS `idEventoSuite`, `ReservaSuite`.`adultos`, `ReservaSuite`.`criancas`, `ReservaSuite`.`preco`, `ReservaSuite`.`taxa_servico` AS `taxaServico`, `ReservaSuite`.`valor_total` AS `valorTotal`, `ReservaSuite`.`valor_original` AS `valorOriginal`, `ReservaSuite`.`desconto_tipo` AS `descontoTipo`, `ReservaSuite`.`desconto_valor` AS `descontoValor`, `ReservaSuite`.`valor_final` AS `valorFinal`, `ReservaSuite`.`status`, `ReservaSuite`.`created_at` AS `createdAt`, `ReservaSuite`.`updated_at` AS `updatedAt`, `ReservaHospedagem`.`id` AS `ReservaHospedagem.id`, `ReservaHospedagem`.`id_evento` AS `ReservaHospedagem.idEvento`, `ReservaHospedagem`.`id_usuario` AS `ReservaHospedagem.idUsuario`, `ReservaHospedagem`.`checkin` AS `ReservaHospedagem.checkin`, `ReservaHospedagem`.`checkout` AS `ReservaHospedagem.checkout`, `ReservaHospedagem`.`noites` AS `ReservaHospedagem.noites`, `ReservaHospedagem`.`preco` AS `ReservaHospedagem.preco`, `ReservaHospedagem`.`taxa_servico` AS `ReservaHospedagem.taxaServico`, `ReservaHospedagem`.`valor_total` AS `ReservaHospedagem.valorTotal`, `ReservaHospedagem`.`valor_pago` AS `ReservaHospedagem.valorPago`, `ReservaHospedagem`.`saldo_pendente` AS `ReservaHospedagem.saldoPendente`, `ReservaHospedagem`.`forma_pagamento_recepcao` AS `ReservaHospedagem.formaPagamentoRecepcao`, `ReservaHospedagem`.`observacao_pagamento` AS `ReservaHospedagem.observacaoPagamento`, `ReservaHospedagem`.`comprovante_pagamento` AS `ReservaHospedagem.comprovantePagamento`, `ReservaHospedagem`.`origem_reserva` AS `ReservaHospedagem.origemReserva`, `ReservaHospedagem`.`id_externo` AS `ReservaHospedagem.idExterno`, `ReservaHospedagem`.`codigo_externo` AS `ReservaHospedagem.codigoExterno`, `ReservaHospedagem`.`canal_venda` AS `ReservaHospedagem.canalVenda`, `ReservaHospedagem`.`possivel_pagamento_ota` AS `ReservaHospedagem.possivelPagamentoOta`, `ReservaHospedagem`.`possivel_pagamento_ota_trecho` AS `ReservaHospedagem.possivelPagamentoOtaTrecho`, `ReservaHospedagem`.`id_usuario_criacao` AS `ReservaHospedagem.idUsuarioCriacao`, `ReservaHospedagem`.`status` AS `ReservaHospedagem.status`, `ReservaHospedagem`.`id_transacao` AS `ReservaHospedagem.idTransacao`, `ReservaHospedagem`.`token_pagamento` AS `ReservaHospedagem.tokenPagamento`, `ReservaHospedagem`.`expira_em` AS `ReservaHospedagem.expiraEm`, `ReservaHospedagem`.`link_pagamento_enviado_em` AS `ReservaHospedagem.linkPagamentoEnviadoEm`, `ReservaHospedagem`.`data_confirmacao` AS `ReservaHospedagem.dataConfirmacao`, `ReservaHospedagem`.`data_hora_checkin_real` AS `ReservaHospedagem.dataHoraCheckinReal`, `ReservaHospedagem`.`id_usuario_checkin` AS `ReservaHospedagem.idUsuarioCheckin`, `ReservaHospedagem`.`data_hora_checkout_realizado` AS `ReservaHospedagem.dataHoraCheckoutRealizado`, `ReservaHospedagem`.`id_usuario_checkout` AS `ReservaHospedagem.idUsuarioCheckout`, `ReservaHospedagem`.`observacoes` AS `ReservaHospedagem.observacoes`, `ReservaHospedagem`.`observacao_importada` AS `ReservaHospedagem.observacaoImportada`, `ReservaHospedagem`.`observacao_operador` AS `ReservaHospedagem.observacaoOperador`, `ReservaHospedagem`.`created_at` AS `ReservaHospedagem.createdAt`, `ReservaHospedagem`.`updated_at` AS `ReservaHospedagem.updatedAt` FROM `ReservaSuite` AS `ReservaSuite` INNER JOIN `ReservaHospedagem` AS `ReservaHospedagem` ON `ReservaSuite`.`id_reserva_hospedagem` = `ReservaHospedagem`.`id` WHERE `ReservaSuite`.`status` IN ('Confirmada', 'Hospedada', 'AguardandoPagamento') AND `ReservaSuite`.`id_evento_suite` = 3; ([object Object]ms)
[DEBUG][SQL] Executing (583d01fa-1167-48f0-a772-c626cda4c28e): START TRANSACTION; ([object Object]ms)
[DEBUG][SQL] Executing (583d01fa-1167-48f0-a772-c626cda4c28e): INSERT INTO `ReservaPeriodoMovimentacao` (`id`,`id_reserva_hospedagem`,`id_usuario`,`data_hora`,`checkin_anterior`,`checkout_anterior`,`checkin_novo`,`checkout_novo`,`motivo`,`tipo`,`created_at`,`updated_at`) VALUES (DEFAULT,?,?,?,?,?,?,?,?,?,?,?); ([object Object]ms)
[DEBUG][SQL] Executing (583d01fa-1167-48f0-a772-c626cda4c28e): UPDATE `ReservaHospedagem` SET `checkin`=?,`checkout`=?,`updated_at`=? WHERE `id` = ? ([object Object]ms)
[DEBUG][SQL] Executing (583d01fa-1167-48f0-a772-c626cda4c28e): COMMIT; ([object Object]ms)
[DEBUG][SQL] Executing (default): INSERT INTO hospedagem_refresh_state (id, `version`, updated_at)
            VALUES (1, 1, NOW())
            ON DUPLICATE KEY UPDATE
                `version` = hospedagem_refresh_state.`version` + 1,
                updated_at = NOW() ([object Object]ms)
[DEBUG][SQL] Executing (default): SELECT `ReservaHospedagem`.`id`, `ReservaHospedagem`.`id_evento` AS `idEvento`, `ReservaHospedagem`.`id_usuario` AS `idUsuario`, `ReservaHospedagem`.`checkin`, `ReservaHospedagem`.`checkout`, `ReservaHospedagem`.`noites`, `ReservaHospedagem`.`preco`, `ReservaHospedagem`.`taxa_servico` AS `taxaServico`, `ReservaHospedagem`.`valor_total` AS `valorTotal`, `ReservaHospedagem`.`valor_pago` AS `valorPago`, `ReservaHospedagem`.`saldo_pendente` AS `saldoPendente`, `ReservaHospedagem`.`forma_pagamento_recepcao` AS `formaPagamentoRecepcao`, `ReservaHospedagem`.`observacao_pagamento` AS `observacaoPagamento`, `ReservaHospedagem`.`comprovante_pagamento` AS `comprovantePagamento`, `ReservaHospedagem`.`origem_reserva` AS `origemReserva`, `ReservaHospedagem`.`id_externo` AS `idExterno`, `ReservaHospedagem`.`codigo_externo` AS `codigoExterno`, `ReservaHospedagem`.`canal_venda` AS `canalVenda`, `ReservaHospedagem`.`possivel_pagamento_ota` AS `possivelPagamentoOta`, `ReservaHospedagem`.`possivel_pagamento_ota_trecho` AS `possivelPagamentoOtaTrecho`, `ReservaHospedagem`.`id_usuario_criacao` AS `idUsuarioCriacao`, `ReservaHospedagem`.`status`, `ReservaHospedagem`.`id_transacao` AS `idTransacao`, `ReservaHospedagem`.`token_pagamento` AS `tokenPagamento`, `ReservaHospedagem`.`expira_em` AS `expiraEm`, `ReservaHospedagem`.`link_pagamento_enviado_em` AS `linkPagamentoEnviadoEm`, `ReservaHospedagem`.`data_confirmacao` AS `dataConfirmacao`, `ReservaHospedagem`.`data_hora_checkin_real` AS `dataHoraCheckinReal`, `ReservaHospedagem`.`id_usuario_checkin` AS `idUsuarioCheckin`, `ReservaHospedagem`.`data_hora_checkout_realizado` AS `dataHoraCheckoutRealizado`, `ReservaHospedagem`.`id_usuario_checkout` AS `idUsuarioCheckout`, `ReservaHospedagem`.`observacoes`, `ReservaHospedagem`.`observacao_importada` AS `observacaoImportada`, `ReservaHospedagem`.`observacao_operador` AS `observacaoOperador`, `ReservaHospedagem`.`created_at` AS `createdAt`, `ReservaHospedagem`.`updated_at` AS `updatedAt`, `Evento`.`id` AS `Evento.id`, `Evento`.`tipo` AS `Evento.tipo`, `ReservaSuite`.`id` AS `ReservaSuite.id`, `ReservaSuite`.`id_reserva_hospedagem` AS `ReservaSuite.idReservaHospedagem`, `ReservaSuite`.`id_evento_suite` AS `ReservaSuite.idEventoSuite`, `ReservaSuite`.`adultos` AS `ReservaSuite.adultos`, `ReservaSuite`.`criancas` AS `ReservaSuite.criancas`, `ReservaSuite`.`preco` AS `ReservaSuite.preco`, `ReservaSuite`.`taxa_servico` AS `ReservaSuite.taxaServico`, `ReservaSuite`.`valor_total` AS `ReservaSuite.valorTotal`, `ReservaSuite`.`valor_original` AS `ReservaSuite.valorOriginal`, `ReservaSuite`.`desconto_tipo` AS `ReservaSuite.descontoTipo`, `ReservaSuite`.`desconto_valor` AS `ReservaSuite.descontoValor`, `ReservaSuite`.`valor_final` AS `ReservaSuite.valorFinal`, `ReservaSuite`.`status` AS `ReservaSuite.status`, `ReservaSuite`.`created_at` AS `ReservaSuite.createdAt`, `ReservaSuite`.`updated_at` AS `ReservaSuite.updatedAt`, `ReservaSuite->ReservaHospede`.`id` AS `ReservaSuite.ReservaHospede.id`, `ReservaSuite->ReservaHospede`.`id_reserva_suite` AS `ReservaSuite.ReservaHospede.idReservaSuite`, `ReservaSuite->ReservaHospede`.`nome` AS `ReservaSuite.ReservaHospede.nome`, `ReservaSuite->ReservaHospede`.`tipo` AS `ReservaSuite.ReservaHospede.tipo`, `ReservaSuite->ReservaHospede`.`data_nascimento` AS `ReservaSuite.ReservaHospede.dataNascimento`, `ReservaSuite->ReservaHospede`.`id_usuario` AS `ReservaSuite.ReservaHospede.idUsuario`, `ReservaSuite->ReservaHospede`.`created_at` AS `ReservaSuite.ReservaHospede.createdAt`, `ReservaSuite->ReservaHospede`.`updated_at` AS `ReservaSuite.ReservaHospede.updatedAt` FROM `ReservaHospedagem` AS `ReservaHospedagem` LEFT OUTER JOIN `Evento` AS `Evento` ON `ReservaHospedagem`.`id_evento` = `Evento`.`id` LEFT OUTER JOIN `ReservaSuite` AS `ReservaSuite` ON `ReservaHospedagem`.`id` = `ReservaSuite`.`id_reserva_hospedagem` LEFT OUTER JOIN `ReservaHospede` AS `ReservaSuite->ReservaHospede` ON `ReservaSuite`.`id` = `ReservaSuite->ReservaHospede`.`id_reserva_suite` WHERE `ReservaHospedagem`.`id` = 127; ([object Object]ms)
[DEBUG][SQL] Executing (default): SELECT `id`, `provider`, `place_id`, `id_evento_suite`, `id_evento`, `ativo`, `mapping_status`, `notes`, `mapped_at`, `mapped_by`, `created_at`, `updated_at` FROM `hospedin_place_suite_map` AS `HospedinPlaceSuiteMap` WHERE `HospedinPlaceSuiteMap`.`id_evento_suite` = 3 AND `HospedinPlaceSuiteMap`.`ativo` = true; ([object Object]ms)
[DEBUG][SQL] Executing (default): SELECT `id`, `id_reserva_hospedagem`, `outbound_status`, `desired_action`, `payload_hash`, `pending_payload_hash`, `synced_hash_input_json`, `hospedin_reservation_id`, `hospedin_guest_id`, `retry_count`, `next_retry_at`, `last_error`, `error_code`, `last_sync_at`, `last_success_at`, `processing_started_at`, `processing_correlation_id`, `dirty_at`, `outbound_version`, `created_at`, `updated_at` FROM `hospedin_outbound_sync_state` AS `HospedinOutboundSyncState` WHERE `HospedinOutboundSyncState`.`id_reserva_hospedagem` = 127; ([object Object]ms)
[DEBUG][SQL] Executing (default): UPDATE `hospedin_outbound_sync_state` SET `outbound_status`=?,`pending_payload_hash`=?,`dirty_at`=?,`updated_at`=? WHERE `id` = ? ([object Object]ms)
[DEBUG][SQL] Executing (default): SELECT `id`, `adm_geral` AS `admGeral` FROM `Usuario` AS `Usuario` WHERE `Usuario`.`id` = 1; ([object Object]ms)
[DEBUG][SQL] Executing (default): SELECT `id_produtor` AS `idProdutor` FROM `ProdutorAcesso` AS `ProdutorAcesso` WHERE `ProdutorAcesso`.`id_usuario` = 1; ([object Object]ms)
[DEBUG][SQL] Executing (default): SELECT `ReservaHospedagem`.`id`, `ReservaHospedagem`.`id_evento` AS `idEvento`, `ReservaHospedagem`.`id_usuario` AS `idUsuario`, `ReservaHospedagem`.`checkin`, `ReservaHospedagem`.`checkout`, `ReservaHospedagem`.`noites`, `ReservaHospedagem`.`preco`, `ReservaHospedagem`.`taxa_servico` AS `taxaServico`, `ReservaHospedagem`.`valor_total` AS `valorTotal`, `ReservaHospedagem`.`valor_pago` AS `valorPago`, `ReservaHospedagem`.`saldo_pendente` AS `saldoPendente`, `ReservaHospedagem`.`forma_pagamento_recepcao` AS `formaPagamentoRecepcao`, `ReservaHospedagem`.`observacao_pagamento` AS `observacaoPagamento`, `ReservaHospedagem`.`comprovante_pagamento` AS `comprovantePagamento`, `ReservaHospedagem`.`origem_reserva` AS `origemReserva`, `ReservaHospedagem`.`id_externo` AS `idExterno`, `ReservaHospedagem`.`codigo_externo` AS `codigoExterno`, `ReservaHospedagem`.`canal_venda` AS `canalVenda`, `ReservaHospedagem`.`possivel_pagamento_ota` AS `possivelPagamentoOta`, `ReservaHospedagem`.`possivel_pagamento_ota_trecho` AS `possivelPagamentoOtaTrecho`, `ReservaHospedagem`.`id_usuario_criacao` AS `idUsuarioCriacao`, `ReservaHospedagem`.`status`, `ReservaHospedagem`.`id_transacao` AS `idTransacao`, `ReservaHospedagem`.`token_pagamento` AS `tokenPagamento`, `ReservaHospedagem`.`expira_em` AS `expiraEm`, `ReservaHospedagem`.`link_pagamento_enviado_em` AS `linkPagamentoEnviadoEm`, `ReservaHospedagem`.`data_confirmacao` AS `dataConfirmacao`, `ReservaHospedagem`.`data_hora_checkin_real` AS `dataHoraCheckinReal`, `ReservaHospedagem`.`id_usuario_checkin` AS `idUsuarioCheckin`, `ReservaHospedagem`.`data_hora_checkout_realizado` AS `dataHoraCheckoutRealizado`, `ReservaHospedagem`.`id_usuario_checkout` AS `idUsuarioCheckout`, `ReservaHospedagem`.`observacoes`, `ReservaHospedagem`.`observacao_importada` AS `observacaoImportada`, `ReservaHospedagem`.`observacao_operador` AS `observacaoOperador`, `ReservaHospedagem`.`created_at` AS `createdAt`, `ReservaHospedagem`.`updated_at` AS `updatedAt`, `Usuario`.`id` AS `Usuario.id`, `Usuario`.`nome_completo` AS `Usuario.nomeCompleto`, `Usuario`.`telefone` AS `Usuario.telefone`, `Usuario`.`email` AS `Usuario.email`, `Usuario`.`cpf` AS `Usuario.cpf`, `UsuarioCriacao`.`id` AS `UsuarioCriacao.id`, `UsuarioCriacao`.`nome_completo` AS `UsuarioCriacao.nomeCompleto`, `Evento`.`id` AS `Evento.id`, `Evento`.`nome` AS `Evento.nome`, `Evento`.`imagem` AS `Evento.imagem`, `Evento`.`endereco` AS `Evento.endereco`, `Evento`.`id_produtor` AS `Evento.idProdutor`, `Transacao`.`id` AS `Transacao.id`, `Transacao`.`id_usuario` AS `Transacao.idUsuario`, `Transacao`.`data_transacao` AS `Transacao.dataTransacao`, `Transacao`.`preco` AS `Transacao.preco`, `Transacao`.`taxa_servico` AS `Transacao.taxaServico`, `Transacao`.`valor_total` AS `Transacao.valorTotal`, `Transacao`.`status` AS `Transacao.status`, `Transacao`.`aceite_compra` AS `Transacao.aceiteCompra`, `Transacao`.`valor_recebido` AS `Transacao.valorRecebido`, `Transacao`.`valor_taxa_processamento` AS `Transacao.valorTaxaProcessamento`, `Transacao`.`id_transacao_recebido_m_p` AS `Transacao.idTransacaoRecebidoMP`, `Transacao`.`taxa_servico_desconto` AS `Transacao.taxaServicoDesconto`, `Transacao`.`data_pagamento` AS `Transacao.dataPagamento`, `Transacao`.`id_evento` AS `Transacao.idEvento`, `Transacao`.`gateway_pagamento` AS `Transacao.gatewayPagamento`, `Transacao`.`tipo_pagamento` AS `Transacao.tipoPagamento`, `Transacao`.`origem_transacao` AS `Transacao.origemTransacao`, `Transacao`.`created_at` AS `Transacao.createdAt`, `Transacao`.`updated_at` AS `Transacao.updatedAt`, `ReservaSuite`.`id` AS `ReservaSuite.id`, `ReservaSuite`.`id_reserva_hospedagem` AS `ReservaSuite.idReservaHospedagem`, `ReservaSuite`.`id_evento_suite` AS `ReservaSuite.idEventoSuite`, `ReservaSuite`.`adultos` AS `ReservaSuite.adultos`, `ReservaSuite`.`criancas` AS `ReservaSuite.criancas`, `ReservaSuite`.`preco` AS `ReservaSuite.preco`, `ReservaSuite`.`taxa_servico` AS `ReservaSuite.taxaServico`, `ReservaSuite`.`valor_total` AS `ReservaSuite.valorTotal`, `ReservaSuite`.`valor_original` AS `ReservaSuite.valorOriginal`, `ReservaSuite`.`desconto_tipo` AS `ReservaSuite.descontoTipo`, `ReservaSuite`.`desconto_valor` AS `ReservaSuite.descontoValor`, `ReservaSuite`.`valor_final` AS `ReservaSuite.valorFinal`, `ReservaSuite`.`status` AS `ReservaSuite.status`, `ReservaSuite`.`created_at` AS `ReservaSuite.createdAt`, `ReservaSuite`.`updated_at` AS `ReservaSuite.updatedAt`, `ReservaSuite->EventoSuite`.`id` AS `ReservaSuite.EventoSuite.id`, `ReservaSuite->EventoSuite`.`nome` AS `ReservaSuite.EventoSuite.nome`, `ReservaSuite->EventoSuite`.`descricao` AS `ReservaSuite.EventoSuite.descricao` FROM `ReservaHospedagem` AS `ReservaHospedagem` LEFT OUTER JOIN `Usuario` AS `Usuario` ON `ReservaHospedagem`.`id_usuario` = `Usuario`.`id` LEFT OUTER JOIN `Usuario` AS `UsuarioCriacao` ON `ReservaHospedagem`.`id_usuario_criacao` = `UsuarioCriacao`.`id` INNER JOIN `Evento` AS `Evento` ON `ReservaHospedagem`.`id_evento` = `Evento`.`id` AND `Evento`.`tipo` = 'Pousada' AND `Evento`.`id_produtor` IN (1) LEFT OUTER JOIN `Transacao` AS `Transacao` ON `ReservaHospedagem`.`id_transacao` = `Transacao`.`id` LEFT OUTER JOIN `ReservaSuite` AS `ReservaSuite` ON `ReservaHospedagem`.`id` = `ReservaSuite`.`id_reserva_hospedagem` LEFT OUTER JOIN `EventoSuite` AS `ReservaSuite->EventoSuite` ON `ReservaSuite`.`id_evento_suite` = `ReservaSuite->EventoSuite`.`id` WHERE `ReservaHospedagem`.`id` = 127; ([object Object]ms)
[DEBUG][SQL] Executing (default): SELECT `id`, `nome`, `tipo`, `data_nascimento` AS `dataNascimento`, `id_reserva_suite` AS `idReservaSuite` FROM `ReservaHospede` AS `ReservaHospede` WHERE `ReservaHospede`.`id_reserva_suite` IN (127) ORDER BY `ReservaHospede`.`id` ASC; ([object Object]ms)
[DEBUG][SQL] Executing (default): SELECT `PagamentoHospedagem`.`id`, `PagamentoHospedagem`.`id_reserva_hospedagem` AS `idReservaHospedagem`, `PagamentoHospedagem`.`valor`, `PagamentoHospedagem`.`data_pagamento` AS `dataPagamento`, `PagamentoHospedagem`.`forma_pagamento` AS `formaPagamento`, `PagamentoHospedagem`.`comprovante`, `PagamentoHospedagem`.`observacao`, `PagamentoHospedagem`.`id_usuario` AS `idUsuario`, `PagamentoHospedagem`.`created_at` AS `createdAt`, `PagamentoHospedagem`.`updated_at` AS `updatedAt`, `Usuario`.`id` AS `Usuario.id`, `Usuario`.`nome_completo` AS `Usuario.nomeCompleto` FROM `PagamentoHospedagem` AS `PagamentoHospedagem` LEFT OUTER JOIN `Usuario` AS `Usuario` ON `PagamentoHospedagem`.`id_usuario` = `Usuario`.`id` WHERE `PagamentoHospedagem`.`id_reserva_hospedagem` = 127 ORDER BY `dataPagamento` ASC; ([object Object]ms)
[DEBUG][SQL] Executing (default): SELECT `ReservaSuiteMovimentacao`.`id`, `ReservaSuiteMovimentacao`.`id_reserva_hospedagem` AS `idReservaHospedagem`, `ReservaSuiteMovimentacao`.`id_reserva_suite` AS `idReservaSuite`, `ReservaSuiteMovimentacao`.`id_evento_suite_origem` AS `idEventoSuiteOrigem`, `ReservaSuiteMovimentacao`.`id_evento_suite_destino` AS `idEventoSuiteDestino`, `ReservaSuiteMovimentacao`.`id_usuario` AS `idUsuario`, `ReservaSuiteMovimentacao`.`data_hora` AS `dataHora`, `ReservaSuiteMovimentacao`.`motivo`, `ReservaSuiteMovimentacao`.`tipo`, `ReservaSuiteMovimentacao`.`created_at` AS `createdAt`, `ReservaSuiteMovimentacao`.`updated_at` AS `updatedAt`, `Usuario`.`id` AS `Usuario.id`, `Usuario`.`nome_completo` AS `Usuario.nomeCompleto`, `SuiteOrigem`.`id` AS `SuiteOrigem.id`, `SuiteOrigem`.`nome` AS `SuiteOrigem.nome`, `SuiteDestino`.`id` AS `SuiteDestino.id`, `SuiteDestino`.`nome` AS `SuiteDestino.nome` FROM `ReservaSuiteMovimentacao` AS `ReservaSuiteMovimentacao` LEFT OUTER JOIN `Usuario` AS `Usuario` ON `ReservaSuiteMovimentacao`.`id_usuario` = `Usuario`.`id` LEFT OUTER JOIN `EventoSuite` AS `SuiteOrigem` ON `ReservaSuiteMovimentacao`.`id_evento_suite_origem` = `SuiteOrigem`.`id` LEFT OUTER JOIN `EventoSuite` AS `SuiteDestino` ON `ReservaSuiteMovimentacao`.`id_evento_suite_destino` = `SuiteDestino`.`id` WHERE `ReservaSuiteMovimentacao`.`id_reserva_hospedagem` = 127 ORDER BY `dataHora` ASC; ([object Object]ms)
[DEBUG][SQL] Executing (default): SELECT `HistoricoTransacao`.`id`, `HistoricoTransacao`.`id_transacao` AS `idTransacao`, `HistoricoTransacao`.`id_usuario` AS `idUsuario`, `HistoricoTransacao`.`data`, `HistoricoTransacao`.`descricao`, `HistoricoTransacao`.`created_at` AS `createdAt`, `HistoricoTransacao`.`updated_at` AS `updatedAt`, `Usuario`.`id` AS `Usuario.id`, `Usuario`.`nome_completo` AS `Usuario.nomeCompleto` FROM `HistoricoTransacao` AS `HistoricoTransacao` LEFT OUTER JOIN `Usuario` AS `Usuario` ON `HistoricoTransacao`.`id_usuario` = `Usuario`.`id` WHERE `HistoricoTransacao`.`id_transacao` = 1918 ORDER BY `HistoricoTransacao`.`data` ASC; ([object Object]ms)
[DEBUG][SQL] Executing (default): SELECT `ReservaPeriodoMovimentacao`.`id`, `ReservaPeriodoMovimentacao`.`id_reserva_hospedagem` AS `idReservaHospedagem`, `ReservaPeriodoMovimentacao`.`id_usuario` AS `idUsuario`, `ReservaPeriodoMovimentacao`.`data_hora` AS `dataHora`, `ReservaPeriodoMovimentacao`.`checkin_anterior` AS `checkinAnterior`, `ReservaPeriodoMovimentacao`.`checkout_anterior` AS `checkoutAnterior`, `ReservaPeriodoMovimentacao`.`checkin_novo` AS `checkinNovo`, `ReservaPeriodoMovimentacao`.`checkout_novo` AS `checkoutNovo`, `ReservaPeriodoMovimentacao`.`motivo`, `ReservaPeriodoMovimentacao`.`tipo`, `ReservaPeriodoMovimentacao`.`created_at` AS `createdAt`, `ReservaPeriodoMovimentacao`.`updated_at` AS `updatedAt`, `Usuario`.`id` AS `Usuario.id`, `Usuario`.`nome_completo` AS `Usuario.nomeCompleto` FROM `ReservaPeriodoMovimentacao` AS `ReservaPeriodoMovimentacao` LEFT OUTER JOIN `Usuario` AS `Usuario` ON `ReservaPeriodoMovimentacao`.`id_usuario` = `Usuario`.`id` WHERE `ReservaPeriodoMovimentacao`.`id_reserva_hospedagem` = 127 ORDER BY `dataHora` ASC; ([object Object]ms)
[DEBUG][SQL] Executing (default): SELECT `id`, `id_reserva_hospedagem` AS `idReservaHospedagem`, `provider`, `tipo`, `valor`, `created_at` AS `createdAt`, `updated_at` AS `updatedAt` FROM `reserva_identificador_externo` AS `ReservaIdentificadorExterno` WHERE `ReservaIdentificadorExterno`.`id_reserva_hospedagem` = 127 ORDER BY `ReservaIdentificadorExterno`.`id` ASC; ([object Object]ms)
[DEBUG][SQL] Executing (default): SELECT `id`, `id_reserva_hospedagem` AS `idReservaHospedagem`, `provider`, `moeda`, `total_cents` AS `totalCents`, `received_cents` AS `receivedCents`, `to_receive_cents` AS `toReceiveCents`, `daily_cents` AS `dailyCents`, `total_daily_cents` AS `totalDailyCents`, `discount_cents` AS `discountCents`, `product_cents` AS `productCents`, `service_cents` AS `serviceCents`, `items_count` AS `itemsCount`, `payment_from_ota` AS `paymentFromOta`, `status_pagamento` AS `statusPagamento`, `forma_pagamento` AS `formaPagamento`, `origem_pagamento` AS `origemPagamento`, `responsavel_pagamento` AS `responsavelPagamento`, `raw_json` AS `rawJson`, `payload_hash` AS `payloadHash`, `synced_at` AS `syncedAt`, `created_at` AS `createdAt`, `updated_at` AS `updatedAt` FROM `reserva_origem_financeira` AS `ReservaOrigemFinanceira` WHERE `ReservaOrigemFinanceira`.`id_reserva_hospedagem` = 127 LIMIT 1; ([object Object]ms)
[DEBUG][SQL] Executing (default): SELECT `id`, `id_reserva_hospedagem` AS `idReservaHospedagem`, `provider`, `kind`, `external_id` AS `externalId`, `payload_json` AS `payloadJson`, `payload_hash` AS `payloadHash`, `captured_at` AS `capturedAt`, `created_at` AS `createdAt`, `updated_at` AS `updatedAt` FROM `reserva_origem_payload` AS `ReservaOrigemPayload` WHERE `ReservaOrigemPayload`.`id_reserva_hospedagem` = 127 ORDER BY `capturedAt` DESC; ([object Object]ms)
[DEBUG][SQL] Executing (default): SELECT `id` FROM `ReservaSuite` AS `ReservaSuite` WHERE `ReservaSuite`.`id_reserva_hospedagem` = 127; ([object Object]ms)
[DEBUG][SQL] Executing (default): SELECT `id`, `nome`, `tipo` FROM `ReservaHospede` AS `ReservaHospede` WHERE `ReservaHospede`.`id_reserva_suite` IN (127) ORDER BY `ReservaHospede`.`id` ASC; ([object Object]ms)
[DEBUG][SQL] Executing (default): SELECT `id`, `id_reserva_hospede` AS `idReservaHospede`, `provider`, `tipo`, `numero`, `pais_emissao` AS `paisEmissao`, `observacao`, `created_at` AS `createdAt`, `updated_at` AS `updatedAt` FROM `reserva_hospede_documento` AS `ReservaHospedeDocumento` WHERE `ReservaHospedeDocumento`.`id_reserva_hospede` IN (127) ORDER BY `ReservaHospedeDocumento`.`id` ASC; ([object Object]ms)
[DEBUG][SQL] Executing (default): SELECT `ReservaSuite`.`id`, `ReservaSuite`.`id_reserva_hospedagem` AS `idReservaHospedagem`, `ReservaSuite`.`id_evento_suite` AS `idEventoSuite`, `ReservaSuite`.`adultos`, `ReservaSuite`.`criancas`, `ReservaSuite`.`preco`, `ReservaSuite`.`taxa_servico` AS `taxaServico`, `ReservaSuite`.`valor_total` AS `valorTotal`, `ReservaSuite`.`valor_original` AS `valorOriginal`, `ReservaSuite`.`desconto_tipo` AS `descontoTipo`, `ReservaSuite`.`desconto_valor` AS `descontoValor`, `ReservaSuite`.`valor_final` AS `valorFinal`, `ReservaSuite`.`status`, `ReservaSuite`.`created_at` AS `createdAt`, `ReservaSuite`.`updated_at` AS `updatedAt`, `ReservaHospedagem`.`id` AS `ReservaHospedagem.id`, `ReservaHospedagem`.`id_evento` AS `ReservaHospedagem.idEvento`, `ReservaHospedagem`.`id_usuario` AS `ReservaHospedagem.idUsuario`, `ReservaHospedagem`.`checkin` AS `ReservaHospedagem.checkin`, `ReservaHospedagem`.`checkout` AS `ReservaHospedagem.checkout`, `ReservaHospedagem`.`noites` AS `ReservaHospedagem.noites`, `ReservaHospedagem`.`preco` AS `ReservaHospedagem.preco`, `ReservaHospedagem`.`taxa_servico` AS `ReservaHospedagem.taxaServico`, `ReservaHospedagem`.`valor_total` AS `ReservaHospedagem.valorTotal`, `ReservaHospedagem`.`valor_pago` AS `ReservaHospedagem.valorPago`, `ReservaHospedagem`.`saldo_pendente` AS `ReservaHospedagem.saldoPendente`, `ReservaHospedagem`.`forma_pagamento_recepcao` AS `ReservaHospedagem.formaPagamentoRecepcao`, `ReservaHospedagem`.`observacao_pagamento` AS `ReservaHospedagem.observacaoPagamento`, `ReservaHospedagem`.`comprovante_pagamento` AS `ReservaHospedagem.comprovantePagamento`, `ReservaHospedagem`.`origem_reserva` AS `ReservaHospedagem.origemReserva`, `ReservaHospedagem`.`id_externo` AS `ReservaHospedagem.idExterno`, `ReservaHospedagem`.`codigo_externo` AS `ReservaHospedagem.codigoExterno`, `ReservaHospedagem`.`canal_venda` AS `ReservaHospedagem.canalVenda`, `ReservaHospedagem`.`possivel_pagamento_ota` AS `ReservaHospedagem.possivelPagamentoOta`, `ReservaHospedagem`.`possivel_pagamento_ota_trecho` AS `ReservaHospedagem.possivelPagamentoOtaTrecho`, `ReservaHospedagem`.`id_usuario_criacao` AS `ReservaHospedagem.idUsuarioCriacao`, `ReservaHospedagem`.`status` AS `ReservaHospedagem.status`, `ReservaHospedagem`.`id_transacao` AS `ReservaHospedagem.idTransacao`, `ReservaHospedagem`.`token_pagamento` AS `ReservaHospedagem.tokenPagamento`, `ReservaHospedagem`.`expira_em` AS `ReservaHospedagem.expiraEm`, `ReservaHospedagem`.`link_pagamento_enviado_em` AS `ReservaHospedagem.linkPagamentoEnviadoEm`, `ReservaHospedagem`.`data_confirmacao` AS `ReservaHospedagem.dataConfirmacao`, `ReservaHospedagem`.`data_hora_checkin_real` AS `ReservaHospedagem.dataHoraCheckinReal`, `ReservaHospedagem`.`id_usuario_checkin` AS `ReservaHospedagem.idUsuarioCheckin`, `ReservaHospedagem`.`data_hora_checkout_realizado` AS `ReservaHospedagem.dataHoraCheckoutRealizado`, `ReservaHospedagem`.`id_usuario_checkout` AS `ReservaHospedagem.idUsuarioCheckout`, `ReservaHospedagem`.`observacoes` AS `ReservaHospedagem.observacoes`, `ReservaHospedagem`.`observacao_importada` AS `ReservaHospedagem.observacaoImportada`, `ReservaHospedagem`.`observacao_operador` AS `ReservaHospedagem.observacaoOperador`, `ReservaHospedagem`.`created_at` AS `ReservaHospedagem.createdAt`, `ReservaHospedagem`.`updated_at` AS `ReservaHospedagem.updatedAt` FROM `ReservaSuite` AS `ReservaSuite` INNER JOIN `ReservaHospedagem` AS `ReservaHospedagem` ON `ReservaSuite`.`id_reserva_hospedagem` = `ReservaHospedagem`.`id` WHERE `ReservaSuite`.`status` IN ('Confirmada', 'Hospedada', 'AguardandoPagamento') AND `ReservaSuite`.`id_evento_suite` = 3; ([object Object]ms)
[DEBUG][SQL] Executing (default): SELECT `id`, `provider`, `entity_type`, `external_id`, `internal_entity_id`, `correlation_id`, `validation_status`, `sync_action`, `sync_status`, `payload_hash`, `retry_count`, `sync_version`, `last_validation_at`, `last_sync_at`, `last_error`, `error_code`, `error_severityity`, `resolution_status`, `last_success_at`, `next_retry_at`, `created_at`, `updated_at` FROM `integration_sync_state` AS `IntegrationSyncState` WHERE `IntegrationSyncState`.`entity_type` = 'RESERVATION' AND `IntegrationSyncState`.`internal_entity_id` = '127' ORDER BY `IntegrationSyncState`.`updated_at` DESC LIMIT 1; ([object Object]ms)
[DEBUG][SQL] Executing (default): SELECT * FROM hospedin_outbound_sync_state WHERE id_reserva_hospedagem = 127 ([object Object]ms)
[DEBUG][SQL] Executing (default): SELECT id_reserva_hospedagem, outbound_status, desired_action
     FROM hospedin_outbound_sync_state
     WHERE outbound_status IN ('PENDING_CREATE','PENDING_UPDATE','WAIT_RETRY')
       AND (next_retry_at IS NULL OR next_retry_at <= UTC_TIMESTAMP())
     ORDER BY dirty_at ASC LIMIT 30 ([object Object]ms)
[DEBUG][SQL] Executing (default): SELECT `id`, `provider`, `display_name` AS `displayName`, `enabled`, `interval_minutes` AS `intervalMinutes`, `mode`, `sync_limit` AS `syncLimit`, `priority`, `max_retries` AS `maxRetries`, `backoff_base_seconds` AS `backoffBaseSeconds`, `max_run_minutes` AS `maxRunMinutes`, `webhook_enabled` AS `webhookEnabled`, `created_at` AS `createdAt`, `updated_at` AS `updatedAt` FROM `integration_provider_config` AS `IntegrationProviderConfig` WHERE `IntegrationProviderConfig`.`provider` = 'HOSPEDIN_OUTBOUND'; ([object Object]ms)
[DEBUG][SQL] Executing (default): SELECT `id`, `provider`, `status`, `last_started_at` AS `lastStartedAt`, `heartbeat_at` AS `heartbeatAt`, `last_finished_at` AS `lastFinishedAt`, `last_success_at` AS `lastSuccessAt`, `last_error_at` AS `lastErrorAt`, `last_error_message` AS `lastErrorMessage`, `next_run_at` AS `nextRunAt`, `last_duration_ms` AS `lastDurationMs`, `consecutive_failures` AS `consecutiveFailures`, `last_execution_id` AS `lastExecutionId`, `created_at` AS `createdAt`, `updated_at` AS `updatedAt` FROM `integration_provider_state` AS `IntegrationProviderState` WHERE `IntegrationProviderState`.`status` = 'RUNNING'; ([object Object]ms)
[DEBUG][SQL] Executing (default): SELECT `id`, `provider`, `status`, `last_started_at` AS `lastStartedAt`, `heartbeat_at` AS `heartbeatAt`, `last_finished_at` AS `lastFinishedAt`, `last_success_at` AS `lastSuccessAt`, `last_error_at` AS `lastErrorAt`, `last_error_message` AS `lastErrorMessage`, `next_run_at` AS `nextRunAt`, `last_duration_ms` AS `lastDurationMs`, `consecutive_failures` AS `consecutiveFailures`, `last_execution_id` AS `lastExecutionId`, `created_at` AS `createdAt`, `updated_at` AS `updatedAt` FROM `integration_provider_state` AS `IntegrationProviderState` WHERE `IntegrationProviderState`.`provider` = 'HOSPEDIN_OUTBOUND'; ([object Object]ms)
[DEBUG][SQL] Executing (default): UPDATE `integration_provider_state` SET `status`=?,`last_started_at`=?,`heartbeat_at`=?,`updated_at`=? WHERE `id` = ? ([object Object]ms)
[DEBUG][SQL] Executing (default): SELECT `id`, `provider`, `status`, `last_started_at` AS `lastStartedAt`, `heartbeat_at` AS `heartbeatAt`, `last_finished_at` AS `lastFinishedAt`, `last_success_at` AS `lastSuccessAt`, `last_error_at` AS `lastErrorAt`, `last_error_message` AS `lastErrorMessage`, `next_run_at` AS `nextRunAt`, `last_duration_ms` AS `lastDurationMs`, `consecutive_failures` AS `consecutiveFailures`, `last_execution_id` AS `lastExecutionId`, `created_at` AS `createdAt`, `updated_at` AS `updatedAt` FROM `integration_provider_state` AS `IntegrationProviderState` WHERE `IntegrationProviderState`.`id` = 2; ([object Object]ms)
[DEBUG][SQL] Executing (default): INSERT INTO `integration_sync_execution` (`id`,`provider`,`trigger_source`,`mode`,`correlation_id`,`started_at`,`status`,`created_at`,`updated_at`) VALUES (DEFAULT,?,?,?,?,?,?,?,?); ([object Object]ms)
[DEBUG][SQL] Executing (default): UPDATE `integration_provider_state` SET `last_execution_id`=?,`updated_at`=? WHERE `id` = ? ([object Object]ms)
[INFO][IntegrationSync] Hospedin Outbound: sincroniza├º├úo iniciada {"trigger":"MANUAL","mode":"incremental","syncLimit":1}
[INFO][HospedinOutbound] outbound:runCycle:start {"trigger":"MANUAL","correlationId":"hospedin_outbound-7df8898e-3ef3-45f7-a74f-92e46dd4555d","syncLimit":1}
[DEBUG][SQL] Executing (default): SELECT `id`, `id_reserva_hospedagem`, `outbound_status`, `desired_action`, `payload_hash`, `pending_payload_hash`, `synced_hash_input_json`, `hospedin_reservation_id`, `hospedin_guest_id`, `retry_count`, `next_retry_at`, `last_error`, `error_code`, `last_sync_at`, `last_success_at`, `processing_started_at`, `processing_correlation_id`, `dirty_at`, `outbound_version`, `created_at`, `updated_at` FROM `hospedin_outbound_sync_state` AS `HospedinOutboundSyncState` WHERE `HospedinOutboundSyncState`.`outbound_status` = 'PROCESSING' AND `HospedinOutboundSyncState`.`processing_started_at` < '2026-09-03 04:53:12'; ([object Object]ms)
[DEBUG][SQL] Executing (default): SELECT `id`, `id_reserva_hospedagem`, `outbound_status`, `desired_action`, `payload_hash`, `pending_payload_hash`, `synced_hash_input_json`, `hospedin_reservation_id`, `hospedin_guest_id`, `retry_count`, `next_retry_at`, `last_error`, `error_code`, `last_sync_at`, `last_success_at`, `processing_started_at`, `processing_correlation_id`, `dirty_at`, `outbound_version`, `created_at`, `updated_at` FROM `hospedin_outbound_sync_state` AS `HospedinOutboundSyncState` WHERE (`HospedinOutboundSyncState`.`next_retry_at` IS NULL OR `HospedinOutboundSyncState`.`next_retry_at` <= '2026-09-03 05:03:12') AND `HospedinOutboundSyncState`.`outbound_status` IN ('PENDING_CREATE', 'PENDING_UPDATE', 'WAIT_RETRY') ORDER BY `HospedinOutboundSyncState`.`dirty_at` ASC LIMIT 1; ([object Object]ms)
[DEBUG][SQL] Executing (default): UPDATE `hospedin_outbound_sync_state` SET `outbound_status`=?,`processing_started_at`=?,`processing_correlation_id`=?,`updated_at`=? WHERE (`next_retry_at` IS NULL OR `next_retry_at` <= '2026-09-03 05:03:12') AND `id` = ? AND `outbound_status` IN ('PENDING_CREATE', 'PENDING_UPDATE', 'WAIT_RETRY') ([object Object]ms)
[DEBUG][SQL] Executing (default): SELECT `id`, `id_reserva_hospedagem`, `outbound_status`, `desired_action`, `payload_hash`, `pending_payload_hash`, `synced_hash_input_json`, `hospedin_reservation_id`, `hospedin_guest_id`, `retry_count`, `next_retry_at`, `last_error`, `error_code`, `last_sync_at`, `last_success_at`, `processing_started_at`, `processing_correlation_id`, `dirty_at`, `outbound_version`, `created_at`, `updated_at` FROM `hospedin_outbound_sync_state` AS `HospedinOutboundSyncState` WHERE `HospedinOutboundSyncState`.`id` = 3; ([object Object]ms)
[DEBUG][SQL] Executing (default): SELECT `ReservaHospedagem`.`id`, `ReservaHospedagem`.`id_evento` AS `idEvento`, `ReservaHospedagem`.`id_usuario` AS `idUsuario`, `ReservaHospedagem`.`checkin`, `ReservaHospedagem`.`checkout`, `ReservaHospedagem`.`noites`, `ReservaHospedagem`.`preco`, `ReservaHospedagem`.`taxa_servico` AS `taxaServico`, `ReservaHospedagem`.`valor_total` AS `valorTotal`, `ReservaHospedagem`.`valor_pago` AS `valorPago`, `ReservaHospedagem`.`saldo_pendente` AS `saldoPendente`, `ReservaHospedagem`.`forma_pagamento_recepcao` AS `formaPagamentoRecepcao`, `ReservaHospedagem`.`observacao_pagamento` AS `observacaoPagamento`, `ReservaHospedagem`.`comprovante_pagamento` AS `comprovantePagamento`, `ReservaHospedagem`.`origem_reserva` AS `origemReserva`, `ReservaHospedagem`.`id_externo` AS `idExterno`, `ReservaHospedagem`.`codigo_externo` AS `codigoExterno`, `ReservaHospedagem`.`canal_venda` AS `canalVenda`, `ReservaHospedagem`.`possivel_pagamento_ota` AS `possivelPagamentoOta`, `ReservaHospedagem`.`possivel_pagamento_ota_trecho` AS `possivelPagamentoOtaTrecho`, `ReservaHospedagem`.`id_usuario_criacao` AS `idUsuarioCriacao`, `ReservaHospedagem`.`status`, `ReservaHospedagem`.`id_transacao` AS `idTransacao`, `ReservaHospedagem`.`token_pagamento` AS `tokenPagamento`, `ReservaHospedagem`.`expira_em` AS `expiraEm`, `ReservaHospedagem`.`link_pagamento_enviado_em` AS `linkPagamentoEnviadoEm`, `ReservaHospedagem`.`data_confirmacao` AS `dataConfirmacao`, `ReservaHospedagem`.`data_hora_checkin_real` AS `dataHoraCheckinReal`, `ReservaHospedagem`.`id_usuario_checkin` AS `idUsuarioCheckin`, `ReservaHospedagem`.`data_hora_checkout_realizado` AS `dataHoraCheckoutRealizado`, `ReservaHospedagem`.`id_usuario_checkout` AS `idUsuarioCheckout`, `ReservaHospedagem`.`observacoes`, `ReservaHospedagem`.`observacao_importada` AS `observacaoImportada`, `ReservaHospedagem`.`observacao_operador` AS `observacaoOperador`, `ReservaHospedagem`.`created_at` AS `createdAt`, `ReservaHospedagem`.`updated_at` AS `updatedAt`, `ReservaSuite`.`id` AS `ReservaSuite.id`, `ReservaSuite`.`id_reserva_hospedagem` AS `ReservaSuite.idReservaHospedagem`, `ReservaSuite`.`id_evento_suite` AS `ReservaSuite.idEventoSuite`, `ReservaSuite`.`adultos` AS `ReservaSuite.adultos`, `ReservaSuite`.`criancas` AS `ReservaSuite.criancas`, `ReservaSuite`.`preco` AS `ReservaSuite.preco`, `ReservaSuite`.`taxa_servico` AS `ReservaSuite.taxaServico`, `ReservaSuite`.`valor_total` AS `ReservaSuite.valorTotal`, `ReservaSuite`.`valor_original` AS `ReservaSuite.valorOriginal`, `ReservaSuite`.`desconto_tipo` AS `ReservaSuite.descontoTipo`, `ReservaSuite`.`desconto_valor` AS `ReservaSuite.descontoValor`, `ReservaSuite`.`valor_final` AS `ReservaSuite.valorFinal`, `ReservaSuite`.`status` AS `ReservaSuite.status`, `ReservaSuite`.`created_at` AS `ReservaSuite.createdAt`, `ReservaSuite`.`updated_at` AS `ReservaSuite.updatedAt`, `ReservaSuite->ReservaHospede`.`id` AS `ReservaSuite.ReservaHospede.id`, `ReservaSuite->ReservaHospede`.`id_reserva_suite` AS `ReservaSuite.ReservaHospede.idReservaSuite`, `ReservaSuite->ReservaHospede`.`nome` AS `ReservaSuite.ReservaHospede.nome`, `ReservaSuite->ReservaHospede`.`tipo` AS `ReservaSuite.ReservaHospede.tipo`, `ReservaSuite->ReservaHospede`.`data_nascimento` AS `ReservaSuite.ReservaHospede.dataNascimento`, `ReservaSuite->ReservaHospede`.`id_usuario` AS `ReservaSuite.ReservaHospede.idUsuario`, `ReservaSuite->ReservaHospede`.`created_at` AS `ReservaSuite.ReservaHospede.createdAt`, `ReservaSuite->ReservaHospede`.`updated_at` AS `ReservaSuite.ReservaHospede.updatedAt` FROM `ReservaHospedagem` AS `ReservaHospedagem` LEFT OUTER JOIN `ReservaSuite` AS `ReservaSuite` ON `ReservaHospedagem`.`id` = `ReservaSuite`.`id_reserva_hospedagem` LEFT OUTER JOIN `ReservaHospede` AS `ReservaSuite->ReservaHospede` ON `ReservaSuite`.`id` = `ReservaSuite->ReservaHospede`.`id_reserva_suite` WHERE `ReservaHospedagem`.`id` = 127; ([object Object]ms)
[DEBUG][SQL] Executing (default): SELECT `id`, `provider`, `place_id`, `id_evento_suite`, `id_evento`, `ativo`, `mapping_status`, `notes`, `mapped_at`, `mapped_by`, `created_at`, `updated_at` FROM `hospedin_place_suite_map` AS `HospedinPlaceSuiteMap` WHERE `HospedinPlaceSuiteMap`.`id_evento_suite` = 3 AND `HospedinPlaceSuiteMap`.`ativo` = true; ([object Object]ms)
[DEBUG][SQL] Executing (default): SELECT `id`, `place_id`, `place_type_id`, `nome`, `capacidade`, `ativo`, `payload_json`, `synced_at`, `created_at` AS `createdAt`, `updated_at` AS `updatedAt` FROM `hospedin_places` AS `HospedinPlace` WHERE `HospedinPlace`.`place_id` = 445912; ([object Object]ms)
[INFO][HospedinOutboundUpdate] outbound:update:patch-reservation {"correlationId":"hospedin_outbound-7df8898e-3ef3-45f7-a74f-92e46dd4555d","idReservaHospedagem":127,"outboundStateId":3,"hospedinReservationId":"30295972","patchKeys":["check_in","check_out"]}
[DEBUG][Hospedin] auth: login iniciado {"email":"lilian.loy.freire@gmail.com"}
[DEBUG][Hospedin] request:start {"method":"POST","endpoint":"/api/v2/authentication/sessions"}
[DEBUG][Hospedin] request:body {"method":"POST","endpoint":"/api/v2/authentication/sessions","body":{"email":"lilian.loy.freire@gmail.com","password":"********"},"authorization":null}
[DEBUG][Hospedin] request:end {"method":"POST","endpoint":"/api/v2/authentication/sessions","status":200,"durationMs":696,"responseBody":{"token":"eyJhbGciOiJIUzI1NiJ9.eyJzdWIiOjE0NTM2NiwianRpIjoiZGE2YzQzMWNhZWQzMmM1NyIsImlhdCI6MTc4ODQxMTc5MywiZXhwIjoxNzg4ODQzNzkzfQ.t_qnMLl0dTSXOfISKHMiys8JEA1ZdKZZo2cP0BH4gHY","user":{"id":145366,"name":"LILIAN LOY SANTIAGO","email":"lilian.loy.freire@gmail.com","created_at":"2025-06-11T11:27:41.362-03:00","updated_at":"2026-09-03T01:34:46.511-03:00","picture_url":"https://hospedin-pms-2.s3.amazonaws.com/uploads/user/picture/145366/picture.png"}}}
[DEBUG][Hospedin] auth: account_id via env {"accountId":"69532"}
[DEBUG][Hospedin] auth: account_id pronto {"accountId":"69532","source":"env"}
[DEBUG][Hospedin] auth: login ok; token em mem├│ria {"userId":145366,"email":"lilian.loy.freire@gmail.com"}
[DEBUG][Hospedin] auth: account_id pronto {"accountId":"69532","source":"memory"}
[DEBUG][Hospedin] request:start {"method":"PATCH","endpoint":"/api/v2/69532/reservations/30295972"}
[DEBUG][Hospedin] request:body {"method":"PATCH","endpoint":"/api/v2/69532/reservations/30295972","body":{"check_in":"2026-10-22T10:00","check_out":"2026-10-24T08:00"},"authorization":"Bearer eyJhΓÇª********"}
[DEBUG][Hospedin] request:end {"method":"PATCH","endpoint":"/api/v2/69532/reservations/30295972","status":200,"durationMs":1432,"responseBody":{"id":30295972,"searchable_code":"HO:001321","sale_channel_id":null,"place_type_id":131941,"place_id":445912,"status":"reservation","check_in":"2026-10-22T14:00:00.000-03:00","check_out":"2026-10-24T12:00:00.000-03:00","daily_cents":0,"total_daily_cents":0,"adults":2,"children":0,"exempt":0,"note":"HOMOLOG OUTBOUND ETAPA3 CREATE REAL 2026-09-03T04:29:42.239Z\n\nHOMOLOG UPDATE OUTBOUND #127 - OBS ALTERADA\nReserva Jango #127","guest_id":22618876,"has_payment_coming_from_ota":false,"license_plate":null,"has_breakfast":false,"total_product":0,"total_service":0,"total_amount":0,"total_to_receive":0,"total_discount":0,"total_items":0,"total_received":0,"report_total_daily":0}}
[DEBUG][SQL] Executing (default): SELECT `id`, `id_reserva_hospedagem`, `outbound_status`, `desired_action`, `payload_hash`, `pending_payload_hash`, `synced_hash_input_json`, `hospedin_reservation_id`, `hospedin_guest_id`, `retry_count`, `next_retry_at`, `last_error`, `error_code`, `last_sync_at`, `last_success_at`, `processing_started_at`, `processing_correlation_id`, `dirty_at`, `outbound_version`, `created_at`, `updated_at` FROM `hospedin_outbound_sync_state` AS `HospedinOutboundSyncState` WHERE `HospedinOutboundSyncState`.`id` = 3; ([object Object]ms)
[DEBUG][SQL] Executing (default): SELECT `ReservaHospedagem`.`id`, `ReservaHospedagem`.`id_evento` AS `idEvento`, `ReservaHospedagem`.`id_usuario` AS `idUsuario`, `ReservaHospedagem`.`checkin`, `ReservaHospedagem`.`checkout`, `ReservaHospedagem`.`noites`, `ReservaHospedagem`.`preco`, `ReservaHospedagem`.`taxa_servico` AS `taxaServico`, `ReservaHospedagem`.`valor_total` AS `valorTotal`, `ReservaHospedagem`.`valor_pago` AS `valorPago`, `ReservaHospedagem`.`saldo_pendente` AS `saldoPendente`, `ReservaHospedagem`.`forma_pagamento_recepcao` AS `formaPagamentoRecepcao`, `ReservaHospedagem`.`observacao_pagamento` AS `observacaoPagamento`, `ReservaHospedagem`.`comprovante_pagamento` AS `comprovantePagamento`, `ReservaHospedagem`.`origem_reserva` AS `origemReserva`, `ReservaHospedagem`.`id_externo` AS `idExterno`, `ReservaHospedagem`.`codigo_externo` AS `codigoExterno`, `ReservaHospedagem`.`canal_venda` AS `canalVenda`, `ReservaHospedagem`.`possivel_pagamento_ota` AS `possivelPagamentoOta`, `ReservaHospedagem`.`possivel_pagamento_ota_trecho` AS `possivelPagamentoOtaTrecho`, `ReservaHospedagem`.`id_usuario_criacao` AS `idUsuarioCriacao`, `ReservaHospedagem`.`status`, `ReservaHospedagem`.`id_transacao` AS `idTransacao`, `ReservaHospedagem`.`token_pagamento` AS `tokenPagamento`, `ReservaHospedagem`.`expira_em` AS `expiraEm`, `ReservaHospedagem`.`link_pagamento_enviado_em` AS `linkPagamentoEnviadoEm`, `ReservaHospedagem`.`data_confirmacao` AS `dataConfirmacao`, `ReservaHospedagem`.`data_hora_checkin_real` AS `dataHoraCheckinReal`, `ReservaHospedagem`.`id_usuario_checkin` AS `idUsuarioCheckin`, `ReservaHospedagem`.`data_hora_checkout_realizado` AS `dataHoraCheckoutRealizado`, `ReservaHospedagem`.`id_usuario_checkout` AS `idUsuarioCheckout`, `ReservaHospedagem`.`observacoes`, `ReservaHospedagem`.`observacao_importada` AS `observacaoImportada`, `ReservaHospedagem`.`observacao_operador` AS `observacaoOperador`, `ReservaHospedagem`.`created_at` AS `createdAt`, `ReservaHospedagem`.`updated_at` AS `updatedAt`, `ReservaSuite`.`id` AS `ReservaSuite.id`, `ReservaSuite`.`id_reserva_hospedagem` AS `ReservaSuite.idReservaHospedagem`, `ReservaSuite`.`id_evento_suite` AS `ReservaSuite.idEventoSuite`, `ReservaSuite`.`adultos` AS `ReservaSuite.adultos`, `ReservaSuite`.`criancas` AS `ReservaSuite.criancas`, `ReservaSuite`.`preco` AS `ReservaSuite.preco`, `ReservaSuite`.`taxa_servico` AS `ReservaSuite.taxaServico`, `ReservaSuite`.`valor_total` AS `ReservaSuite.valorTotal`, `ReservaSuite`.`valor_original` AS `ReservaSuite.valorOriginal`, `ReservaSuite`.`desconto_tipo` AS `ReservaSuite.descontoTipo`, `ReservaSuite`.`desconto_valor` AS `ReservaSuite.descontoValor`, `ReservaSuite`.`valor_final` AS `ReservaSuite.valorFinal`, `ReservaSuite`.`status` AS `ReservaSuite.status`, `ReservaSuite`.`created_at` AS `ReservaSuite.createdAt`, `ReservaSuite`.`updated_at` AS `ReservaSuite.updatedAt`, `ReservaSuite->ReservaHospede`.`id` AS `ReservaSuite.ReservaHospede.id`, `ReservaSuite->ReservaHospede`.`id_reserva_suite` AS `ReservaSuite.ReservaHospede.idReservaSuite`, `ReservaSuite->ReservaHospede`.`nome` AS `ReservaSuite.ReservaHospede.nome`, `ReservaSuite->ReservaHospede`.`tipo` AS `ReservaSuite.ReservaHospede.tipo`, `ReservaSuite->ReservaHospede`.`data_nascimento` AS `ReservaSuite.ReservaHospede.dataNascimento`, `ReservaSuite->ReservaHospede`.`id_usuario` AS `ReservaSuite.ReservaHospede.idUsuario`, `ReservaSuite->ReservaHospede`.`created_at` AS `ReservaSuite.ReservaHospede.createdAt`, `ReservaSuite->ReservaHospede`.`updated_at` AS `ReservaSuite.ReservaHospede.updatedAt` FROM `ReservaHospedagem` AS `ReservaHospedagem` LEFT OUTER JOIN `ReservaSuite` AS `ReservaSuite` ON `ReservaHospedagem`.`id` = `ReservaSuite`.`id_reserva_hospedagem` LEFT OUTER JOIN `ReservaHospede` AS `ReservaSuite->ReservaHospede` ON `ReservaSuite`.`id` = `ReservaSuite->ReservaHospede`.`id_reserva_suite` WHERE `ReservaHospedagem`.`id` = 127; ([object Object]ms)
[DEBUG][SQL] Executing (default): SELECT `id`, `id_reserva_hospedagem`, `outbound_status`, `desired_action`, `payload_hash`, `pending_payload_hash`, `synced_hash_input_json`, `hospedin_reservation_id`, `hospedin_guest_id`, `retry_count`, `next_retry_at`, `last_error`, `error_code`, `last_sync_at`, `last_success_at`, `processing_started_at`, `processing_correlation_id`, `dirty_at`, `outbound_version`, `created_at`, `updated_at` FROM `hospedin_outbound_sync_state` AS `HospedinOutboundSyncState` WHERE `HospedinOutboundSyncState`.`id` = 3; ([object Object]ms)
[DEBUG][SQL] Executing (default): UPDATE `hospedin_outbound_sync_state` SET `outbound_status`=?,`payload_hash`=?,`last_sync_at`=?,`last_success_at`=?,`processing_started_at`=?,`processing_correlation_id`=?,`updated_at`=?,`outbound_version`=?,`synced_hash_input_json`=? WHERE `id` = ? ([object Object]ms)
[INFO][HospedinOutboundUpdate] outbound:update:success {"correlationId":"hospedin_outbound-7df8898e-3ef3-45f7-a74f-92e46dd4555d","idReservaHospedagem":127,"hospedinReservationId":"30295972"}
[INFO][HospedinOutboundRunner] outbound:runCycle:done {"correlationId":"hospedin_outbound-7df8898e-3ef3-45f7-a74f-92e46dd4555d","syncLimit":1,"candidates":1,"created":0,"updated":1,"skipped":0,"failed":0,"recovered":0}
[INFO][HospedinOutbound] outbound:runCycle:end {"correlationId":"hospedin_outbound-7df8898e-3ef3-45f7-a74f-92e46dd4555d","ok":true,"created":0,"updated":1,"failed":0,"skipped":0}
[Scheduler]
Hospedin Outbound

Importadas: 0
Validadas: 0
CREATE: 0
UPDATE: 1
CANCEL: 0
Ignoradas: 0
Falhas: 0

Tempo: 2s
Status: SUCCESS
[DEBUG][SQL] Executing (default): UPDATE `integration_sync_execution` SET `finished_at`=?,`duration_ms`=?,`status`=?,`imported`=?,`validated`=?,`validated_ready`=?,`validated_ignored`=?,`created_count`=?,`updated_count`=?,`cancelled_count`=?,`failed_count`=?,`skipped_count`=?,`unchanged_count`=?,`error_message`=?,`summary_json`=?,`updated_at`=? WHERE `id` = ? ([object Object]ms)
[DEBUG][SQL] Executing (default): UPDATE `integration_provider_state` SET `status`=?,`last_finished_at`=?,`last_duration_ms`=?,`heartbeat_at`=?,`last_success_at`=?,`updated_at`=? WHERE `id` = ? ([object Object]ms)
TESTE1_PROVIDER {
  "ok": true,
  "created": 0,
  "updated": 1,
  "failed": 0,
  "skipped": 0,
  "errorMessage": null,
  "details": {
    "trigger": "MANUAL",
    "mode": "incremental",
    "dryRun": false,
    "recovered": 0,
    "candidates": 1,
    "items": [
      {
        "id": 3,
        "idReservaHospedagem": 127,
        "action": "UPDATE",
        "claimed": true,
        "outcome": "updated"
      }
    ]
  }
}
[DEBUG][Hospedin] auth: account_id pronto {"accountId":"69532","source":"memory"}
[DEBUG][Hospedin] request:start {"method":"GET","endpoint":"/api/v2/69532/reservations/30295972"}
[DEBUG][Hospedin] request:end {"method":"GET","endpoint":"/api/v2/69532/reservations/30295972","status":200,"durationMs":463,"responseBody":{"id":30295972,"searchable_code":"HO:001321","sale_channel_id":null,"place_type_id":131941,"place_id":445912,"status":"reservation","check_in":"2026-10-22T14:00:00.000-03:00","check_out":"2026-10-24T12:00:00.000-03:00","daily_cents":0,"total_daily_cents":0,"adults":2,"children":0,"exempt":0,"note":"HOMOLOG OUTBOUND ETAPA3 CREATE REAL 2026-09-03T04:29:42.239Z\n\nHOMOLOG UPDATE OUTBOUND #127 - OBS ALTERADA\nReserva Jango #127","guest_id":22618876,"has_payment_coming_from_ota":false,"license_plate":null,"has_breakfast":false,"total_product":0,"total_service":0,"total_amount":0,"total_to_receive":0,"total_discount":0,"total_items":0,"total_received":0,"report_total_daily":0}}
[DEBUG][SQL] Executing (default): SELECT * FROM hospedin_outbound_sync_state WHERE id_reserva_hospedagem = 127 ([object Object]ms)
TESTE1_restore_periodo_original
[DEBUG][SQL] Executing (default): SELECT `id`, `adm_geral` AS `admGeral` FROM `Usuario` AS `Usuario` WHERE `Usuario`.`id` = 1; ([object Object]ms)
[DEBUG][SQL] Executing (default): SELECT `id_produtor` AS `idProdutor` FROM `ProdutorAcesso` AS `ProdutorAcesso` WHERE `ProdutorAcesso`.`id_usuario` = 1; ([object Object]ms)
[DEBUG][SQL] Executing (default): SELECT `ReservaHospedagem`.`id`, `ReservaHospedagem`.`id_evento` AS `idEvento`, `ReservaHospedagem`.`id_usuario` AS `idUsuario`, `ReservaHospedagem`.`checkin`, `ReservaHospedagem`.`checkout`, `ReservaHospedagem`.`noites`, `ReservaHospedagem`.`preco`, `ReservaHospedagem`.`taxa_servico` AS `taxaServico`, `ReservaHospedagem`.`valor_total` AS `valorTotal`, `ReservaHospedagem`.`valor_pago` AS `valorPago`, `ReservaHospedagem`.`saldo_pendente` AS `saldoPendente`, `ReservaHospedagem`.`forma_pagamento_recepcao` AS `formaPagamentoRecepcao`, `ReservaHospedagem`.`observacao_pagamento` AS `observacaoPagamento`, `ReservaHospedagem`.`comprovante_pagamento` AS `comprovantePagamento`, `ReservaHospedagem`.`origem_reserva` AS `origemReserva`, `ReservaHospedagem`.`id_externo` AS `idExterno`, `ReservaHospedagem`.`codigo_externo` AS `codigoExterno`, `ReservaHospedagem`.`canal_venda` AS `canalVenda`, `ReservaHospedagem`.`possivel_pagamento_ota` AS `possivelPagamentoOta`, `ReservaHospedagem`.`possivel_pagamento_ota_trecho` AS `possivelPagamentoOtaTrecho`, `ReservaHospedagem`.`id_usuario_criacao` AS `idUsuarioCriacao`, `ReservaHospedagem`.`status`, `ReservaHospedagem`.`id_transacao` AS `idTransacao`, `ReservaHospedagem`.`token_pagamento` AS `tokenPagamento`, `ReservaHospedagem`.`expira_em` AS `expiraEm`, `ReservaHospedagem`.`link_pagamento_enviado_em` AS `linkPagamentoEnviadoEm`, `ReservaHospedagem`.`data_confirmacao` AS `dataConfirmacao`, `ReservaHospedagem`.`data_hora_checkin_real` AS `dataHoraCheckinReal`, `ReservaHospedagem`.`id_usuario_checkin` AS `idUsuarioCheckin`, `ReservaHospedagem`.`data_hora_checkout_realizado` AS `dataHoraCheckoutRealizado`, `ReservaHospedagem`.`id_usuario_checkout` AS `idUsuarioCheckout`, `ReservaHospedagem`.`observacoes`, `ReservaHospedagem`.`observacao_importada` AS `observacaoImportada`, `ReservaHospedagem`.`observacao_operador` AS `observacaoOperador`, `ReservaHospedagem`.`created_at` AS `createdAt`, `ReservaHospedagem`.`updated_at` AS `updatedAt`, `Evento`.`id` AS `Evento.id`, `Evento`.`id_produtor` AS `Evento.idProdutor`, `ReservaSuite`.`id` AS `ReservaSuite.id`, `ReservaSuite`.`id_reserva_hospedagem` AS `ReservaSuite.idReservaHospedagem`, `ReservaSuite`.`id_evento_suite` AS `ReservaSuite.idEventoSuite`, `ReservaSuite`.`adultos` AS `ReservaSuite.adultos`, `ReservaSuite`.`criancas` AS `ReservaSuite.criancas`, `ReservaSuite`.`preco` AS `ReservaSuite.preco`, `ReservaSuite`.`taxa_servico` AS `ReservaSuite.taxaServico`, `ReservaSuite`.`valor_total` AS `ReservaSuite.valorTotal`, `ReservaSuite`.`valor_original` AS `ReservaSuite.valorOriginal`, `ReservaSuite`.`desconto_tipo` AS `ReservaSuite.descontoTipo`, `ReservaSuite`.`desconto_valor` AS `ReservaSuite.descontoValor`, `ReservaSuite`.`valor_final` AS `ReservaSuite.valorFinal`, `ReservaSuite`.`status` AS `ReservaSuite.status`, `ReservaSuite`.`created_at` AS `ReservaSuite.createdAt`, `ReservaSuite`.`updated_at` AS `ReservaSuite.updatedAt`, `ReservaSuite->EventoSuite`.`id` AS `ReservaSuite.EventoSuite.id`, `ReservaSuite->EventoSuite`.`nome` AS `ReservaSuite.EventoSuite.nome`, `ReservaSuite->EventoSuite`.`status` AS `ReservaSuite.EventoSuite.status`, `ReservaSuite->EventoSuite`.`qtde_minima_pessoas` AS `ReservaSuite.EventoSuite.qtdeMinimaPessoas`, `ReservaSuite->EventoSuite`.`qtde_maxima_pessoas` AS `ReservaSuite.EventoSuite.qtdeMaximaPessoas` FROM `ReservaHospedagem` AS `ReservaHospedagem` INNER JOIN `Evento` AS `Evento` ON `ReservaHospedagem`.`id_evento` = `Evento`.`id` LEFT OUTER JOIN `ReservaSuite` AS `ReservaSuite` ON `ReservaHospedagem`.`id` = `ReservaSuite`.`id_reserva_hospedagem` LEFT OUTER JOIN `EventoSuite` AS `ReservaSuite->EventoSuite` ON `ReservaSuite`.`id_evento_suite` = `ReservaSuite->EventoSuite`.`id` WHERE `ReservaHospedagem`.`id` = 127; ([object Object]ms)
[DEBUG][SQL] Executing (default): SELECT `ReservaSuite`.`id`, `ReservaSuite`.`id_reserva_hospedagem` AS `idReservaHospedagem`, `ReservaSuite`.`id_evento_suite` AS `idEventoSuite`, `ReservaSuite`.`adultos`, `ReservaSuite`.`criancas`, `ReservaSuite`.`preco`, `ReservaSuite`.`taxa_servico` AS `taxaServico`, `ReservaSuite`.`valor_total` AS `valorTotal`, `ReservaSuite`.`valor_original` AS `valorOriginal`, `ReservaSuite`.`desconto_tipo` AS `descontoTipo`, `ReservaSuite`.`desconto_valor` AS `descontoValor`, `ReservaSuite`.`valor_final` AS `valorFinal`, `ReservaSuite`.`status`, `ReservaSuite`.`created_at` AS `createdAt`, `ReservaSuite`.`updated_at` AS `updatedAt`, `ReservaHospedagem`.`id` AS `ReservaHospedagem.id`, `ReservaHospedagem`.`id_evento` AS `ReservaHospedagem.idEvento`, `ReservaHospedagem`.`id_usuario` AS `ReservaHospedagem.idUsuario`, `ReservaHospedagem`.`checkin` AS `ReservaHospedagem.checkin`, `ReservaHospedagem`.`checkout` AS `ReservaHospedagem.checkout`, `ReservaHospedagem`.`noites` AS `ReservaHospedagem.noites`, `ReservaHospedagem`.`preco` AS `ReservaHospedagem.preco`, `ReservaHospedagem`.`taxa_servico` AS `ReservaHospedagem.taxaServico`, `ReservaHospedagem`.`valor_total` AS `ReservaHospedagem.valorTotal`, `ReservaHospedagem`.`valor_pago` AS `ReservaHospedagem.valorPago`, `ReservaHospedagem`.`saldo_pendente` AS `ReservaHospedagem.saldoPendente`, `ReservaHospedagem`.`forma_pagamento_recepcao` AS `ReservaHospedagem.formaPagamentoRecepcao`, `ReservaHospedagem`.`observacao_pagamento` AS `ReservaHospedagem.observacaoPagamento`, `ReservaHospedagem`.`comprovante_pagamento` AS `ReservaHospedagem.comprovantePagamento`, `ReservaHospedagem`.`origem_reserva` AS `ReservaHospedagem.origemReserva`, `ReservaHospedagem`.`id_externo` AS `ReservaHospedagem.idExterno`, `ReservaHospedagem`.`codigo_externo` AS `ReservaHospedagem.codigoExterno`, `ReservaHospedagem`.`canal_venda` AS `ReservaHospedagem.canalVenda`, `ReservaHospedagem`.`possivel_pagamento_ota` AS `ReservaHospedagem.possivelPagamentoOta`, `ReservaHospedagem`.`possivel_pagamento_ota_trecho` AS `ReservaHospedagem.possivelPagamentoOtaTrecho`, `ReservaHospedagem`.`id_usuario_criacao` AS `ReservaHospedagem.idUsuarioCriacao`, `ReservaHospedagem`.`status` AS `ReservaHospedagem.status`, `ReservaHospedagem`.`id_transacao` AS `ReservaHospedagem.idTransacao`, `ReservaHospedagem`.`token_pagamento` AS `ReservaHospedagem.tokenPagamento`, `ReservaHospedagem`.`expira_em` AS `ReservaHospedagem.expiraEm`, `ReservaHospedagem`.`link_pagamento_enviado_em` AS `ReservaHospedagem.linkPagamentoEnviadoEm`, `ReservaHospedagem`.`data_confirmacao` AS `ReservaHospedagem.dataConfirmacao`, `ReservaHospedagem`.`data_hora_checkin_real` AS `ReservaHospedagem.dataHoraCheckinReal`, `ReservaHospedagem`.`id_usuario_checkin` AS `ReservaHospedagem.idUsuarioCheckin`, `ReservaHospedagem`.`data_hora_checkout_realizado` AS `ReservaHospedagem.dataHoraCheckoutRealizado`, `ReservaHospedagem`.`id_usuario_checkout` AS `ReservaHospedagem.idUsuarioCheckout`, `ReservaHospedagem`.`observacoes` AS `ReservaHospedagem.observacoes`, `ReservaHospedagem`.`observacao_importada` AS `ReservaHospedagem.observacaoImportada`, `ReservaHospedagem`.`observacao_operador` AS `ReservaHospedagem.observacaoOperador`, `ReservaHospedagem`.`created_at` AS `ReservaHospedagem.createdAt`, `ReservaHospedagem`.`updated_at` AS `ReservaHospedagem.updatedAt` FROM `ReservaSuite` AS `ReservaSuite` INNER JOIN `ReservaHospedagem` AS `ReservaHospedagem` ON `ReservaSuite`.`id_reserva_hospedagem` = `ReservaHospedagem`.`id` WHERE `ReservaSuite`.`status` IN ('Confirmada', 'Hospedada', 'AguardandoPagamento') AND `ReservaSuite`.`id_evento_suite` = 3; ([object Object]ms)
[DEBUG][SQL] Executing (6581d4cf-7a0d-42f6-ba59-c95a45c9e407): START TRANSACTION; ([object Object]ms)
[DEBUG][SQL] Executing (6581d4cf-7a0d-42f6-ba59-c95a45c9e407): INSERT INTO `ReservaPeriodoMovimentacao` (`id`,`id_reserva_hospedagem`,`id_usuario`,`data_hora`,`checkin_anterior`,`checkout_anterior`,`checkin_novo`,`checkout_novo`,`motivo`,`tipo`,`created_at`,`updated_at`) VALUES (DEFAULT,?,?,?,?,?,?,?,?,?,?,?); ([object Object]ms)
[DEBUG][SQL] Executing (6581d4cf-7a0d-42f6-ba59-c95a45c9e407): UPDATE `ReservaHospedagem` SET `checkin`=?,`checkout`=?,`updated_at`=? WHERE `id` = ? ([object Object]ms)
[DEBUG][SQL] Executing (6581d4cf-7a0d-42f6-ba59-c95a45c9e407): COMMIT; ([object Object]ms)
[DEBUG][SQL] Executing (default): INSERT INTO hospedagem_refresh_state (id, `version`, updated_at)
            VALUES (1, 1, NOW())
            ON DUPLICATE KEY UPDATE
                `version` = hospedagem_refresh_state.`version` + 1,
                updated_at = NOW() ([object Object]ms)
[DEBUG][SQL] Executing (default): SELECT `ReservaHospedagem`.`id`, `ReservaHospedagem`.`id_evento` AS `idEvento`, `ReservaHospedagem`.`id_usuario` AS `idUsuario`, `ReservaHospedagem`.`checkin`, `ReservaHospedagem`.`checkout`, `ReservaHospedagem`.`noites`, `ReservaHospedagem`.`preco`, `ReservaHospedagem`.`taxa_servico` AS `taxaServico`, `ReservaHospedagem`.`valor_total` AS `valorTotal`, `ReservaHospedagem`.`valor_pago` AS `valorPago`, `ReservaHospedagem`.`saldo_pendente` AS `saldoPendente`, `ReservaHospedagem`.`forma_pagamento_recepcao` AS `formaPagamentoRecepcao`, `ReservaHospedagem`.`observacao_pagamento` AS `observacaoPagamento`, `ReservaHospedagem`.`comprovante_pagamento` AS `comprovantePagamento`, `ReservaHospedagem`.`origem_reserva` AS `origemReserva`, `ReservaHospedagem`.`id_externo` AS `idExterno`, `ReservaHospedagem`.`codigo_externo` AS `codigoExterno`, `ReservaHospedagem`.`canal_venda` AS `canalVenda`, `ReservaHospedagem`.`possivel_pagamento_ota` AS `possivelPagamentoOta`, `ReservaHospedagem`.`possivel_pagamento_ota_trecho` AS `possivelPagamentoOtaTrecho`, `ReservaHospedagem`.`id_usuario_criacao` AS `idUsuarioCriacao`, `ReservaHospedagem`.`status`, `ReservaHospedagem`.`id_transacao` AS `idTransacao`, `ReservaHospedagem`.`token_pagamento` AS `tokenPagamento`, `ReservaHospedagem`.`expira_em` AS `expiraEm`, `ReservaHospedagem`.`link_pagamento_enviado_em` AS `linkPagamentoEnviadoEm`, `ReservaHospedagem`.`data_confirmacao` AS `dataConfirmacao`, `ReservaHospedagem`.`data_hora_checkin_real` AS `dataHoraCheckinReal`, `ReservaHospedagem`.`id_usuario_checkin` AS `idUsuarioCheckin`, `ReservaHospedagem`.`data_hora_checkout_realizado` AS `dataHoraCheckoutRealizado`, `ReservaHospedagem`.`id_usuario_checkout` AS `idUsuarioCheckout`, `ReservaHospedagem`.`observacoes`, `ReservaHospedagem`.`observacao_importada` AS `observacaoImportada`, `ReservaHospedagem`.`observacao_operador` AS `observacaoOperador`, `ReservaHospedagem`.`created_at` AS `createdAt`, `ReservaHospedagem`.`updated_at` AS `updatedAt`, `Evento`.`id` AS `Evento.id`, `Evento`.`tipo` AS `Evento.tipo`, `ReservaSuite`.`id` AS `ReservaSuite.id`, `ReservaSuite`.`id_reserva_hospedagem` AS `ReservaSuite.idReservaHospedagem`, `ReservaSuite`.`id_evento_suite` AS `ReservaSuite.idEventoSuite`, `ReservaSuite`.`adultos` AS `ReservaSuite.adultos`, `ReservaSuite`.`criancas` AS `ReservaSuite.criancas`, `ReservaSuite`.`preco` AS `ReservaSuite.preco`, `ReservaSuite`.`taxa_servico` AS `ReservaSuite.taxaServico`, `ReservaSuite`.`valor_total` AS `ReservaSuite.valorTotal`, `ReservaSuite`.`valor_original` AS `ReservaSuite.valorOriginal`, `ReservaSuite`.`desconto_tipo` AS `ReservaSuite.descontoTipo`, `ReservaSuite`.`desconto_valor` AS `ReservaSuite.descontoValor`, `ReservaSuite`.`valor_final` AS `ReservaSuite.valorFinal`, `ReservaSuite`.`status` AS `ReservaSuite.status`, `ReservaSuite`.`created_at` AS `ReservaSuite.createdAt`, `ReservaSuite`.`updated_at` AS `ReservaSuite.updatedAt`, `ReservaSuite->ReservaHospede`.`id` AS `ReservaSuite.ReservaHospede.id`, `ReservaSuite->ReservaHospede`.`id_reserva_suite` AS `ReservaSuite.ReservaHospede.idReservaSuite`, `ReservaSuite->ReservaHospede`.`nome` AS `ReservaSuite.ReservaHospede.nome`, `ReservaSuite->ReservaHospede`.`tipo` AS `ReservaSuite.ReservaHospede.tipo`, `ReservaSuite->ReservaHospede`.`data_nascimento` AS `ReservaSuite.ReservaHospede.dataNascimento`, `ReservaSuite->ReservaHospede`.`id_usuario` AS `ReservaSuite.ReservaHospede.idUsuario`, `ReservaSuite->ReservaHospede`.`created_at` AS `ReservaSuite.ReservaHospede.createdAt`, `ReservaSuite->ReservaHospede`.`updated_at` AS `ReservaSuite.ReservaHospede.updatedAt` FROM `ReservaHospedagem` AS `ReservaHospedagem` LEFT OUTER JOIN `Evento` AS `Evento` ON `ReservaHospedagem`.`id_evento` = `Evento`.`id` LEFT OUTER JOIN `ReservaSuite` AS `ReservaSuite` ON `ReservaHospedagem`.`id` = `ReservaSuite`.`id_reserva_hospedagem` LEFT OUTER JOIN `ReservaHospede` AS `ReservaSuite->ReservaHospede` ON `ReservaSuite`.`id` = `ReservaSuite->ReservaHospede`.`id_reserva_suite` WHERE `ReservaHospedagem`.`id` = 127; ([object Object]ms)
[DEBUG][SQL] Executing (default): SELECT `id`, `provider`, `place_id`, `id_evento_suite`, `id_evento`, `ativo`, `mapping_status`, `notes`, `mapped_at`, `mapped_by`, `created_at`, `updated_at` FROM `hospedin_place_suite_map` AS `HospedinPlaceSuiteMap` WHERE `HospedinPlaceSuiteMap`.`id_evento_suite` = 3 AND `HospedinPlaceSuiteMap`.`ativo` = true; ([object Object]ms)
[DEBUG][SQL] Executing (default): SELECT `id`, `id_reserva_hospedagem`, `outbound_status`, `desired_action`, `payload_hash`, `pending_payload_hash`, `synced_hash_input_json`, `hospedin_reservation_id`, `hospedin_guest_id`, `retry_count`, `next_retry_at`, `last_error`, `error_code`, `last_sync_at`, `last_success_at`, `processing_started_at`, `processing_correlation_id`, `dirty_at`, `outbound_version`, `created_at`, `updated_at` FROM `hospedin_outbound_sync_state` AS `HospedinOutboundSyncState` WHERE `HospedinOutboundSyncState`.`id_reserva_hospedagem` = 127; ([object Object]ms)
[DEBUG][SQL] Executing (default): UPDATE `hospedin_outbound_sync_state` SET `outbound_status`=?,`pending_payload_hash`=?,`dirty_at`=?,`updated_at`=? WHERE `id` = ? ([object Object]ms)
[DEBUG][SQL] Executing (default): SELECT `id`, `adm_geral` AS `admGeral` FROM `Usuario` AS `Usuario` WHERE `Usuario`.`id` = 1; ([object Object]ms)
[DEBUG][SQL] Executing (default): SELECT `id_produtor` AS `idProdutor` FROM `ProdutorAcesso` AS `ProdutorAcesso` WHERE `ProdutorAcesso`.`id_usuario` = 1; ([object Object]ms)
[DEBUG][SQL] Executing (default): SELECT `ReservaHospedagem`.`id`, `ReservaHospedagem`.`id_evento` AS `idEvento`, `ReservaHospedagem`.`id_usuario` AS `idUsuario`, `ReservaHospedagem`.`checkin`, `ReservaHospedagem`.`checkout`, `ReservaHospedagem`.`noites`, `ReservaHospedagem`.`preco`, `ReservaHospedagem`.`taxa_servico` AS `taxaServico`, `ReservaHospedagem`.`valor_total` AS `valorTotal`, `ReservaHospedagem`.`valor_pago` AS `valorPago`, `ReservaHospedagem`.`saldo_pendente` AS `saldoPendente`, `ReservaHospedagem`.`forma_pagamento_recepcao` AS `formaPagamentoRecepcao`, `ReservaHospedagem`.`observacao_pagamento` AS `observacaoPagamento`, `ReservaHospedagem`.`comprovante_pagamento` AS `comprovantePagamento`, `ReservaHospedagem`.`origem_reserva` AS `origemReserva`, `ReservaHospedagem`.`id_externo` AS `idExterno`, `ReservaHospedagem`.`codigo_externo` AS `codigoExterno`, `ReservaHospedagem`.`canal_venda` AS `canalVenda`, `ReservaHospedagem`.`possivel_pagamento_ota` AS `possivelPagamentoOta`, `ReservaHospedagem`.`possivel_pagamento_ota_trecho` AS `possivelPagamentoOtaTrecho`, `ReservaHospedagem`.`id_usuario_criacao` AS `idUsuarioCriacao`, `ReservaHospedagem`.`status`, `ReservaHospedagem`.`id_transacao` AS `idTransacao`, `ReservaHospedagem`.`token_pagamento` AS `tokenPagamento`, `ReservaHospedagem`.`expira_em` AS `expiraEm`, `ReservaHospedagem`.`link_pagamento_enviado_em` AS `linkPagamentoEnviadoEm`, `ReservaHospedagem`.`data_confirmacao` AS `dataConfirmacao`, `ReservaHospedagem`.`data_hora_checkin_real` AS `dataHoraCheckinReal`, `ReservaHospedagem`.`id_usuario_checkin` AS `idUsuarioCheckin`, `ReservaHospedagem`.`data_hora_checkout_realizado` AS `dataHoraCheckoutRealizado`, `ReservaHospedagem`.`id_usuario_checkout` AS `idUsuarioCheckout`, `ReservaHospedagem`.`observacoes`, `ReservaHospedagem`.`observacao_importada` AS `observacaoImportada`, `ReservaHospedagem`.`observacao_operador` AS `observacaoOperador`, `ReservaHospedagem`.`created_at` AS `createdAt`, `ReservaHospedagem`.`updated_at` AS `updatedAt`, `Usuario`.`id` AS `Usuario.id`, `Usuario`.`nome_completo` AS `Usuario.nomeCompleto`, `Usuario`.`telefone` AS `Usuario.telefone`, `Usuario`.`email` AS `Usuario.email`, `Usuario`.`cpf` AS `Usuario.cpf`, `UsuarioCriacao`.`id` AS `UsuarioCriacao.id`, `UsuarioCriacao`.`nome_completo` AS `UsuarioCriacao.nomeCompleto`, `Evento`.`id` AS `Evento.id`, `Evento`.`nome` AS `Evento.nome`, `Evento`.`imagem` AS `Evento.imagem`, `Evento`.`endereco` AS `Evento.endereco`, `Evento`.`id_produtor` AS `Evento.idProdutor`, `Transacao`.`id` AS `Transacao.id`, `Transacao`.`id_usuario` AS `Transacao.idUsuario`, `Transacao`.`data_transacao` AS `Transacao.dataTransacao`, `Transacao`.`preco` AS `Transacao.preco`, `Transacao`.`taxa_servico` AS `Transacao.taxaServico`, `Transacao`.`valor_total` AS `Transacao.valorTotal`, `Transacao`.`status` AS `Transacao.status`, `Transacao`.`aceite_compra` AS `Transacao.aceiteCompra`, `Transacao`.`valor_recebido` AS `Transacao.valorRecebido`, `Transacao`.`valor_taxa_processamento` AS `Transacao.valorTaxaProcessamento`, `Transacao`.`id_transacao_recebido_m_p` AS `Transacao.idTransacaoRecebidoMP`, `Transacao`.`taxa_servico_desconto` AS `Transacao.taxaServicoDesconto`, `Transacao`.`data_pagamento` AS `Transacao.dataPagamento`, `Transacao`.`id_evento` AS `Transacao.idEvento`, `Transacao`.`gateway_pagamento` AS `Transacao.gatewayPagamento`, `Transacao`.`tipo_pagamento` AS `Transacao.tipoPagamento`, `Transacao`.`origem_transacao` AS `Transacao.origemTransacao`, `Transacao`.`created_at` AS `Transacao.createdAt`, `Transacao`.`updated_at` AS `Transacao.updatedAt`, `ReservaSuite`.`id` AS `ReservaSuite.id`, `ReservaSuite`.`id_reserva_hospedagem` AS `ReservaSuite.idReservaHospedagem`, `ReservaSuite`.`id_evento_suite` AS `ReservaSuite.idEventoSuite`, `ReservaSuite`.`adultos` AS `ReservaSuite.adultos`, `ReservaSuite`.`criancas` AS `ReservaSuite.criancas`, `ReservaSuite`.`preco` AS `ReservaSuite.preco`, `ReservaSuite`.`taxa_servico` AS `ReservaSuite.taxaServico`, `ReservaSuite`.`valor_total` AS `ReservaSuite.valorTotal`, `ReservaSuite`.`valor_original` AS `ReservaSuite.valorOriginal`, `ReservaSuite`.`desconto_tipo` AS `ReservaSuite.descontoTipo`, `ReservaSuite`.`desconto_valor` AS `ReservaSuite.descontoValor`, `ReservaSuite`.`valor_final` AS `ReservaSuite.valorFinal`, `ReservaSuite`.`status` AS `ReservaSuite.status`, `ReservaSuite`.`created_at` AS `ReservaSuite.createdAt`, `ReservaSuite`.`updated_at` AS `ReservaSuite.updatedAt`, `ReservaSuite->EventoSuite`.`id` AS `ReservaSuite.EventoSuite.id`, `ReservaSuite->EventoSuite`.`nome` AS `ReservaSuite.EventoSuite.nome`, `ReservaSuite->EventoSuite`.`descricao` AS `ReservaSuite.EventoSuite.descricao` FROM `ReservaHospedagem` AS `ReservaHospedagem` LEFT OUTER JOIN `Usuario` AS `Usuario` ON `ReservaHospedagem`.`id_usuario` = `Usuario`.`id` LEFT OUTER JOIN `Usuario` AS `UsuarioCriacao` ON `ReservaHospedagem`.`id_usuario_criacao` = `UsuarioCriacao`.`id` INNER JOIN `Evento` AS `Evento` ON `ReservaHospedagem`.`id_evento` = `Evento`.`id` AND `Evento`.`tipo` = 'Pousada' AND `Evento`.`id_produtor` IN (1) LEFT OUTER JOIN `Transacao` AS `Transacao` ON `ReservaHospedagem`.`id_transacao` = `Transacao`.`id` LEFT OUTER JOIN `ReservaSuite` AS `ReservaSuite` ON `ReservaHospedagem`.`id` = `ReservaSuite`.`id_reserva_hospedagem` LEFT OUTER JOIN `EventoSuite` AS `ReservaSuite->EventoSuite` ON `ReservaSuite`.`id_evento_suite` = `ReservaSuite->EventoSuite`.`id` WHERE `ReservaHospedagem`.`id` = 127; ([object Object]ms)
[DEBUG][SQL] Executing (default): SELECT `id`, `nome`, `tipo`, `data_nascimento` AS `dataNascimento`, `id_reserva_suite` AS `idReservaSuite` FROM `ReservaHospede` AS `ReservaHospede` WHERE `ReservaHospede`.`id_reserva_suite` IN (127) ORDER BY `ReservaHospede`.`id` ASC; ([object Object]ms)
[DEBUG][SQL] Executing (default): SELECT `PagamentoHospedagem`.`id`, `PagamentoHospedagem`.`id_reserva_hospedagem` AS `idReservaHospedagem`, `PagamentoHospedagem`.`valor`, `PagamentoHospedagem`.`data_pagamento` AS `dataPagamento`, `PagamentoHospedagem`.`forma_pagamento` AS `formaPagamento`, `PagamentoHospedagem`.`comprovante`, `PagamentoHospedagem`.`observacao`, `PagamentoHospedagem`.`id_usuario` AS `idUsuario`, `PagamentoHospedagem`.`created_at` AS `createdAt`, `PagamentoHospedagem`.`updated_at` AS `updatedAt`, `Usuario`.`id` AS `Usuario.id`, `Usuario`.`nome_completo` AS `Usuario.nomeCompleto` FROM `PagamentoHospedagem` AS `PagamentoHospedagem` LEFT OUTER JOIN `Usuario` AS `Usuario` ON `PagamentoHospedagem`.`id_usuario` = `Usuario`.`id` WHERE `PagamentoHospedagem`.`id_reserva_hospedagem` = 127 ORDER BY `dataPagamento` ASC; ([object Object]ms)
[DEBUG][SQL] Executing (default): SELECT `ReservaSuiteMovimentacao`.`id`, `ReservaSuiteMovimentacao`.`id_reserva_hospedagem` AS `idReservaHospedagem`, `ReservaSuiteMovimentacao`.`id_reserva_suite` AS `idReservaSuite`, `ReservaSuiteMovimentacao`.`id_evento_suite_origem` AS `idEventoSuiteOrigem`, `ReservaSuiteMovimentacao`.`id_evento_suite_destino` AS `idEventoSuiteDestino`, `ReservaSuiteMovimentacao`.`id_usuario` AS `idUsuario`, `ReservaSuiteMovimentacao`.`data_hora` AS `dataHora`, `ReservaSuiteMovimentacao`.`motivo`, `ReservaSuiteMovimentacao`.`tipo`, `ReservaSuiteMovimentacao`.`created_at` AS `createdAt`, `ReservaSuiteMovimentacao`.`updated_at` AS `updatedAt`, `Usuario`.`id` AS `Usuario.id`, `Usuario`.`nome_completo` AS `Usuario.nomeCompleto`, `SuiteOrigem`.`id` AS `SuiteOrigem.id`, `SuiteOrigem`.`nome` AS `SuiteOrigem.nome`, `SuiteDestino`.`id` AS `SuiteDestino.id`, `SuiteDestino`.`nome` AS `SuiteDestino.nome` FROM `ReservaSuiteMovimentacao` AS `ReservaSuiteMovimentacao` LEFT OUTER JOIN `Usuario` AS `Usuario` ON `ReservaSuiteMovimentacao`.`id_usuario` = `Usuario`.`id` LEFT OUTER JOIN `EventoSuite` AS `SuiteOrigem` ON `ReservaSuiteMovimentacao`.`id_evento_suite_origem` = `SuiteOrigem`.`id` LEFT OUTER JOIN `EventoSuite` AS `SuiteDestino` ON `ReservaSuiteMovimentacao`.`id_evento_suite_destino` = `SuiteDestino`.`id` WHERE `ReservaSuiteMovimentacao`.`id_reserva_hospedagem` = 127 ORDER BY `dataHora` ASC; ([object Object]ms)
[DEBUG][SQL] Executing (default): SELECT `HistoricoTransacao`.`id`, `HistoricoTransacao`.`id_transacao` AS `idTransacao`, `HistoricoTransacao`.`id_usuario` AS `idUsuario`, `HistoricoTransacao`.`data`, `HistoricoTransacao`.`descricao`, `HistoricoTransacao`.`created_at` AS `createdAt`, `HistoricoTransacao`.`updated_at` AS `updatedAt`, `Usuario`.`id` AS `Usuario.id`, `Usuario`.`nome_completo` AS `Usuario.nomeCompleto` FROM `HistoricoTransacao` AS `HistoricoTransacao` LEFT OUTER JOIN `Usuario` AS `Usuario` ON `HistoricoTransacao`.`id_usuario` = `Usuario`.`id` WHERE `HistoricoTransacao`.`id_transacao` = 1918 ORDER BY `HistoricoTransacao`.`data` ASC; ([object Object]ms)
[DEBUG][SQL] Executing (default): SELECT `ReservaPeriodoMovimentacao`.`id`, `ReservaPeriodoMovimentacao`.`id_reserva_hospedagem` AS `idReservaHospedagem`, `ReservaPeriodoMovimentacao`.`id_usuario` AS `idUsuario`, `ReservaPeriodoMovimentacao`.`data_hora` AS `dataHora`, `ReservaPeriodoMovimentacao`.`checkin_anterior` AS `checkinAnterior`, `ReservaPeriodoMovimentacao`.`checkout_anterior` AS `checkoutAnterior`, `ReservaPeriodoMovimentacao`.`checkin_novo` AS `checkinNovo`, `ReservaPeriodoMovimentacao`.`checkout_novo` AS `checkoutNovo`, `ReservaPeriodoMovimentacao`.`motivo`, `ReservaPeriodoMovimentacao`.`tipo`, `ReservaPeriodoMovimentacao`.`created_at` AS `createdAt`, `ReservaPeriodoMovimentacao`.`updated_at` AS `updatedAt`, `Usuario`.`id` AS `Usuario.id`, `Usuario`.`nome_completo` AS `Usuario.nomeCompleto` FROM `ReservaPeriodoMovimentacao` AS `ReservaPeriodoMovimentacao` LEFT OUTER JOIN `Usuario` AS `Usuario` ON `ReservaPeriodoMovimentacao`.`id_usuario` = `Usuario`.`id` WHERE `ReservaPeriodoMovimentacao`.`id_reserva_hospedagem` = 127 ORDER BY `dataHora` ASC; ([object Object]ms)
[DEBUG][SQL] Executing (default): SELECT `id`, `id_reserva_hospedagem` AS `idReservaHospedagem`, `provider`, `tipo`, `valor`, `created_at` AS `createdAt`, `updated_at` AS `updatedAt` FROM `reserva_identificador_externo` AS `ReservaIdentificadorExterno` WHERE `ReservaIdentificadorExterno`.`id_reserva_hospedagem` = 127 ORDER BY `ReservaIdentificadorExterno`.`id` ASC; ([object Object]ms)
[DEBUG][SQL] Executing (default): SELECT `id`, `id_reserva_hospedagem` AS `idReservaHospedagem`, `provider`, `moeda`, `total_cents` AS `totalCents`, `received_cents` AS `receivedCents`, `to_receive_cents` AS `toReceiveCents`, `daily_cents` AS `dailyCents`, `total_daily_cents` AS `totalDailyCents`, `discount_cents` AS `discountCents`, `product_cents` AS `productCents`, `service_cents` AS `serviceCents`, `items_count` AS `itemsCount`, `payment_from_ota` AS `paymentFromOta`, `status_pagamento` AS `statusPagamento`, `forma_pagamento` AS `formaPagamento`, `origem_pagamento` AS `origemPagamento`, `responsavel_pagamento` AS `responsavelPagamento`, `raw_json` AS `rawJson`, `payload_hash` AS `payloadHash`, `synced_at` AS `syncedAt`, `created_at` AS `createdAt`, `updated_at` AS `updatedAt` FROM `reserva_origem_financeira` AS `ReservaOrigemFinanceira` WHERE `ReservaOrigemFinanceira`.`id_reserva_hospedagem` = 127 LIMIT 1; ([object Object]ms)
[DEBUG][SQL] Executing (default): SELECT `id`, `id_reserva_hospedagem` AS `idReservaHospedagem`, `provider`, `kind`, `external_id` AS `externalId`, `payload_json` AS `payloadJson`, `payload_hash` AS `payloadHash`, `captured_at` AS `capturedAt`, `created_at` AS `createdAt`, `updated_at` AS `updatedAt` FROM `reserva_origem_payload` AS `ReservaOrigemPayload` WHERE `ReservaOrigemPayload`.`id_reserva_hospedagem` = 127 ORDER BY `capturedAt` DESC; ([object Object]ms)
[DEBUG][SQL] Executing (default): SELECT `id` FROM `ReservaSuite` AS `ReservaSuite` WHERE `ReservaSuite`.`id_reserva_hospedagem` = 127; ([object Object]ms)
[DEBUG][SQL] Executing (default): SELECT `id`, `nome`, `tipo` FROM `ReservaHospede` AS `ReservaHospede` WHERE `ReservaHospede`.`id_reserva_suite` IN (127) ORDER BY `ReservaHospede`.`id` ASC; ([object Object]ms)
[DEBUG][SQL] Executing (default): SELECT `id`, `id_reserva_hospede` AS `idReservaHospede`, `provider`, `tipo`, `numero`, `pais_emissao` AS `paisEmissao`, `observacao`, `created_at` AS `createdAt`, `updated_at` AS `updatedAt` FROM `reserva_hospede_documento` AS `ReservaHospedeDocumento` WHERE `ReservaHospedeDocumento`.`id_reserva_hospede` IN (127) ORDER BY `ReservaHospedeDocumento`.`id` ASC; ([object Object]ms)
[DEBUG][SQL] Executing (default): SELECT `ReservaSuite`.`id`, `ReservaSuite`.`id_reserva_hospedagem` AS `idReservaHospedagem`, `ReservaSuite`.`id_evento_suite` AS `idEventoSuite`, `ReservaSuite`.`adultos`, `ReservaSuite`.`criancas`, `ReservaSuite`.`preco`, `ReservaSuite`.`taxa_servico` AS `taxaServico`, `ReservaSuite`.`valor_total` AS `valorTotal`, `ReservaSuite`.`valor_original` AS `valorOriginal`, `ReservaSuite`.`desconto_tipo` AS `descontoTipo`, `ReservaSuite`.`desconto_valor` AS `descontoValor`, `ReservaSuite`.`valor_final` AS `valorFinal`, `ReservaSuite`.`status`, `ReservaSuite`.`created_at` AS `createdAt`, `ReservaSuite`.`updated_at` AS `updatedAt`, `ReservaHospedagem`.`id` AS `ReservaHospedagem.id`, `ReservaHospedagem`.`id_evento` AS `ReservaHospedagem.idEvento`, `ReservaHospedagem`.`id_usuario` AS `ReservaHospedagem.idUsuario`, `ReservaHospedagem`.`checkin` AS `ReservaHospedagem.checkin`, `ReservaHospedagem`.`checkout` AS `ReservaHospedagem.checkout`, `ReservaHospedagem`.`noites` AS `ReservaHospedagem.noites`, `ReservaHospedagem`.`preco` AS `ReservaHospedagem.preco`, `ReservaHospedagem`.`taxa_servico` AS `ReservaHospedagem.taxaServico`, `ReservaHospedagem`.`valor_total` AS `ReservaHospedagem.valorTotal`, `ReservaHospedagem`.`valor_pago` AS `ReservaHospedagem.valorPago`, `ReservaHospedagem`.`saldo_pendente` AS `ReservaHospedagem.saldoPendente`, `ReservaHospedagem`.`forma_pagamento_recepcao` AS `ReservaHospedagem.formaPagamentoRecepcao`, `ReservaHospedagem`.`observacao_pagamento` AS `ReservaHospedagem.observacaoPagamento`, `ReservaHospedagem`.`comprovante_pagamento` AS `ReservaHospedagem.comprovantePagamento`, `ReservaHospedagem`.`origem_reserva` AS `ReservaHospedagem.origemReserva`, `ReservaHospedagem`.`id_externo` AS `ReservaHospedagem.idExterno`, `ReservaHospedagem`.`codigo_externo` AS `ReservaHospedagem.codigoExterno`, `ReservaHospedagem`.`canal_venda` AS `ReservaHospedagem.canalVenda`, `ReservaHospedagem`.`possivel_pagamento_ota` AS `ReservaHospedagem.possivelPagamentoOta`, `ReservaHospedagem`.`possivel_pagamento_ota_trecho` AS `ReservaHospedagem.possivelPagamentoOtaTrecho`, `ReservaHospedagem`.`id_usuario_criacao` AS `ReservaHospedagem.idUsuarioCriacao`, `ReservaHospedagem`.`status` AS `ReservaHospedagem.status`, `ReservaHospedagem`.`id_transacao` AS `ReservaHospedagem.idTransacao`, `ReservaHospedagem`.`token_pagamento` AS `ReservaHospedagem.tokenPagamento`, `ReservaHospedagem`.`expira_em` AS `ReservaHospedagem.expiraEm`, `ReservaHospedagem`.`link_pagamento_enviado_em` AS `ReservaHospedagem.linkPagamentoEnviadoEm`, `ReservaHospedagem`.`data_confirmacao` AS `ReservaHospedagem.dataConfirmacao`, `ReservaHospedagem`.`data_hora_checkin_real` AS `ReservaHospedagem.dataHoraCheckinReal`, `ReservaHospedagem`.`id_usuario_checkin` AS `ReservaHospedagem.idUsuarioCheckin`, `ReservaHospedagem`.`data_hora_checkout_realizado` AS `ReservaHospedagem.dataHoraCheckoutRealizado`, `ReservaHospedagem`.`id_usuario_checkout` AS `ReservaHospedagem.idUsuarioCheckout`, `ReservaHospedagem`.`observacoes` AS `ReservaHospedagem.observacoes`, `ReservaHospedagem`.`observacao_importada` AS `ReservaHospedagem.observacaoImportada`, `ReservaHospedagem`.`observacao_operador` AS `ReservaHospedagem.observacaoOperador`, `ReservaHospedagem`.`created_at` AS `ReservaHospedagem.createdAt`, `ReservaHospedagem`.`updated_at` AS `ReservaHospedagem.updatedAt` FROM `ReservaSuite` AS `ReservaSuite` INNER JOIN `ReservaHospedagem` AS `ReservaHospedagem` ON `ReservaSuite`.`id_reserva_hospedagem` = `ReservaHospedagem`.`id` WHERE `ReservaSuite`.`status` IN ('Confirmada', 'Hospedada', 'AguardandoPagamento') AND `ReservaSuite`.`id_evento_suite` = 3; ([object Object]ms)
[DEBUG][SQL] Executing (default): SELECT `id`, `provider`, `entity_type`, `external_id`, `internal_entity_id`, `correlation_id`, `validation_status`, `sync_action`, `sync_status`, `payload_hash`, `retry_count`, `sync_version`, `last_validation_at`, `last_sync_at`, `last_error`, `error_code`, `error_severityity`, `resolution_status`, `last_success_at`, `next_retry_at`, `created_at`, `updated_at` FROM `integration_sync_state` AS `IntegrationSyncState` WHERE `IntegrationSyncState`.`entity_type` = 'RESERVATION' AND `IntegrationSyncState`.`internal_entity_id` = '127' ORDER BY `IntegrationSyncState`.`updated_at` DESC LIMIT 1; ([object Object]ms)
[DEBUG][SQL] Executing (default): SELECT id_reserva_hospedagem, outbound_status, desired_action
     FROM hospedin_outbound_sync_state
     WHERE outbound_status IN ('PENDING_CREATE','PENDING_UPDATE','WAIT_RETRY')
       AND (next_retry_at IS NULL OR next_retry_at <= UTC_TIMESTAMP())
     ORDER BY dirty_at ASC LIMIT 30 ([object Object]ms)
[DEBUG][SQL] Executing (default): SELECT `id`, `provider`, `display_name` AS `displayName`, `enabled`, `interval_minutes` AS `intervalMinutes`, `mode`, `sync_limit` AS `syncLimit`, `priority`, `max_retries` AS `maxRetries`, `backoff_base_seconds` AS `backoffBaseSeconds`, `max_run_minutes` AS `maxRunMinutes`, `webhook_enabled` AS `webhookEnabled`, `created_at` AS `createdAt`, `updated_at` AS `updatedAt` FROM `integration_provider_config` AS `IntegrationProviderConfig` WHERE `IntegrationProviderConfig`.`provider` = 'HOSPEDIN_OUTBOUND'; ([object Object]ms)
[DEBUG][SQL] Executing (default): SELECT `id`, `provider`, `status`, `last_started_at` AS `lastStartedAt`, `heartbeat_at` AS `heartbeatAt`, `last_finished_at` AS `lastFinishedAt`, `last_success_at` AS `lastSuccessAt`, `last_error_at` AS `lastErrorAt`, `last_error_message` AS `lastErrorMessage`, `next_run_at` AS `nextRunAt`, `last_duration_ms` AS `lastDurationMs`, `consecutive_failures` AS `consecutiveFailures`, `last_execution_id` AS `lastExecutionId`, `created_at` AS `createdAt`, `updated_at` AS `updatedAt` FROM `integration_provider_state` AS `IntegrationProviderState` WHERE `IntegrationProviderState`.`status` = 'RUNNING'; ([object Object]ms)
[DEBUG][SQL] Executing (default): SELECT `id`, `provider`, `status`, `last_started_at` AS `lastStartedAt`, `heartbeat_at` AS `heartbeatAt`, `last_finished_at` AS `lastFinishedAt`, `last_success_at` AS `lastSuccessAt`, `last_error_at` AS `lastErrorAt`, `last_error_message` AS `lastErrorMessage`, `next_run_at` AS `nextRunAt`, `last_duration_ms` AS `lastDurationMs`, `consecutive_failures` AS `consecutiveFailures`, `last_execution_id` AS `lastExecutionId`, `created_at` AS `createdAt`, `updated_at` AS `updatedAt` FROM `integration_provider_state` AS `IntegrationProviderState` WHERE `IntegrationProviderState`.`provider` = 'HOSPEDIN_OUTBOUND'; ([object Object]ms)
[DEBUG][SQL] Executing (default): UPDATE `integration_provider_state` SET `status`=?,`last_started_at`=?,`heartbeat_at`=?,`updated_at`=? WHERE `id` = ? ([object Object]ms)
[DEBUG][SQL] Executing (default): SELECT `id`, `provider`, `status`, `last_started_at` AS `lastStartedAt`, `heartbeat_at` AS `heartbeatAt`, `last_finished_at` AS `lastFinishedAt`, `last_success_at` AS `lastSuccessAt`, `last_error_at` AS `lastErrorAt`, `last_error_message` AS `lastErrorMessage`, `next_run_at` AS `nextRunAt`, `last_duration_ms` AS `lastDurationMs`, `consecutive_failures` AS `consecutiveFailures`, `last_execution_id` AS `lastExecutionId`, `created_at` AS `createdAt`, `updated_at` AS `updatedAt` FROM `integration_provider_state` AS `IntegrationProviderState` WHERE `IntegrationProviderState`.`id` = 2; ([object Object]ms)
[DEBUG][SQL] Executing (default): INSERT INTO `integration_sync_execution` (`id`,`provider`,`trigger_source`,`mode`,`correlation_id`,`started_at`,`status`,`created_at`,`updated_at`) VALUES (DEFAULT,?,?,?,?,?,?,?,?); ([object Object]ms)
[DEBUG][SQL] Executing (default): UPDATE `integration_provider_state` SET `last_execution_id`=?,`updated_at`=? WHERE `id` = ? ([object Object]ms)
[INFO][IntegrationSync] Hospedin Outbound: sincroniza├º├úo iniciada {"trigger":"MANUAL","mode":"incremental","syncLimit":1}
[INFO][HospedinOutbound] outbound:runCycle:start {"trigger":"MANUAL","correlationId":"hospedin_outbound-f9c4e516-0d5a-47cc-ba64-47a300959308","syncLimit":1}
[DEBUG][SQL] Executing (default): SELECT `id`, `id_reserva_hospedagem`, `outbound_status`, `desired_action`, `payload_hash`, `pending_payload_hash`, `synced_hash_input_json`, `hospedin_reservation_id`, `hospedin_guest_id`, `retry_count`, `next_retry_at`, `last_error`, `error_code`, `last_sync_at`, `last_success_at`, `processing_started_at`, `processing_correlation_id`, `dirty_at`, `outbound_version`, `created_at`, `updated_at` FROM `hospedin_outbound_sync_state` AS `HospedinOutboundSyncState` WHERE `HospedinOutboundSyncState`.`outbound_status` = 'PROCESSING' AND `HospedinOutboundSyncState`.`processing_started_at` < '2026-09-03 04:53:15'; ([object Object]ms)
[DEBUG][SQL] Executing (default): SELECT `id`, `id_reserva_hospedagem`, `outbound_status`, `desired_action`, `payload_hash`, `pending_payload_hash`, `synced_hash_input_json`, `hospedin_reservation_id`, `hospedin_guest_id`, `retry_count`, `next_retry_at`, `last_error`, `error_code`, `last_sync_at`, `last_success_at`, `processing_started_at`, `processing_correlation_id`, `dirty_at`, `outbound_version`, `created_at`, `updated_at` FROM `hospedin_outbound_sync_state` AS `HospedinOutboundSyncState` WHERE (`HospedinOutboundSyncState`.`next_retry_at` IS NULL OR `HospedinOutboundSyncState`.`next_retry_at` <= '2026-09-03 05:03:15') AND `HospedinOutboundSyncState`.`outbound_status` IN ('PENDING_CREATE', 'PENDING_UPDATE', 'WAIT_RETRY') ORDER BY `HospedinOutboundSyncState`.`dirty_at` ASC LIMIT 1; ([object Object]ms)
[DEBUG][SQL] Executing (default): UPDATE `hospedin_outbound_sync_state` SET `outbound_status`=?,`processing_started_at`=?,`processing_correlation_id`=?,`updated_at`=? WHERE (`next_retry_at` IS NULL OR `next_retry_at` <= '2026-09-03 05:03:15') AND `id` = ? AND `outbound_status` IN ('PENDING_CREATE', 'PENDING_UPDATE', 'WAIT_RETRY') ([object Object]ms)
[DEBUG][SQL] Executing (default): SELECT `id`, `id_reserva_hospedagem`, `outbound_status`, `desired_action`, `payload_hash`, `pending_payload_hash`, `synced_hash_input_json`, `hospedin_reservation_id`, `hospedin_guest_id`, `retry_count`, `next_retry_at`, `last_error`, `error_code`, `last_sync_at`, `last_success_at`, `processing_started_at`, `processing_correlation_id`, `dirty_at`, `outbound_version`, `created_at`, `updated_at` FROM `hospedin_outbound_sync_state` AS `HospedinOutboundSyncState` WHERE `HospedinOutboundSyncState`.`id` = 3; ([object Object]ms)
[DEBUG][SQL] Executing (default): SELECT `ReservaHospedagem`.`id`, `ReservaHospedagem`.`id_evento` AS `idEvento`, `ReservaHospedagem`.`id_usuario` AS `idUsuario`, `ReservaHospedagem`.`checkin`, `ReservaHospedagem`.`checkout`, `ReservaHospedagem`.`noites`, `ReservaHospedagem`.`preco`, `ReservaHospedagem`.`taxa_servico` AS `taxaServico`, `ReservaHospedagem`.`valor_total` AS `valorTotal`, `ReservaHospedagem`.`valor_pago` AS `valorPago`, `ReservaHospedagem`.`saldo_pendente` AS `saldoPendente`, `ReservaHospedagem`.`forma_pagamento_recepcao` AS `formaPagamentoRecepcao`, `ReservaHospedagem`.`observacao_pagamento` AS `observacaoPagamento`, `ReservaHospedagem`.`comprovante_pagamento` AS `comprovantePagamento`, `ReservaHospedagem`.`origem_reserva` AS `origemReserva`, `ReservaHospedagem`.`id_externo` AS `idExterno`, `ReservaHospedagem`.`codigo_externo` AS `codigoExterno`, `ReservaHospedagem`.`canal_venda` AS `canalVenda`, `ReservaHospedagem`.`possivel_pagamento_ota` AS `possivelPagamentoOta`, `ReservaHospedagem`.`possivel_pagamento_ota_trecho` AS `possivelPagamentoOtaTrecho`, `ReservaHospedagem`.`id_usuario_criacao` AS `idUsuarioCriacao`, `ReservaHospedagem`.`status`, `ReservaHospedagem`.`id_transacao` AS `idTransacao`, `ReservaHospedagem`.`token_pagamento` AS `tokenPagamento`, `ReservaHospedagem`.`expira_em` AS `expiraEm`, `ReservaHospedagem`.`link_pagamento_enviado_em` AS `linkPagamentoEnviadoEm`, `ReservaHospedagem`.`data_confirmacao` AS `dataConfirmacao`, `ReservaHospedagem`.`data_hora_checkin_real` AS `dataHoraCheckinReal`, `ReservaHospedagem`.`id_usuario_checkin` AS `idUsuarioCheckin`, `ReservaHospedagem`.`data_hora_checkout_realizado` AS `dataHoraCheckoutRealizado`, `ReservaHospedagem`.`id_usuario_checkout` AS `idUsuarioCheckout`, `ReservaHospedagem`.`observacoes`, `ReservaHospedagem`.`observacao_importada` AS `observacaoImportada`, `ReservaHospedagem`.`observacao_operador` AS `observacaoOperador`, `ReservaHospedagem`.`created_at` AS `createdAt`, `ReservaHospedagem`.`updated_at` AS `updatedAt`, `ReservaSuite`.`id` AS `ReservaSuite.id`, `ReservaSuite`.`id_reserva_hospedagem` AS `ReservaSuite.idReservaHospedagem`, `ReservaSuite`.`id_evento_suite` AS `ReservaSuite.idEventoSuite`, `ReservaSuite`.`adultos` AS `ReservaSuite.adultos`, `ReservaSuite`.`criancas` AS `ReservaSuite.criancas`, `ReservaSuite`.`preco` AS `ReservaSuite.preco`, `ReservaSuite`.`taxa_servico` AS `ReservaSuite.taxaServico`, `ReservaSuite`.`valor_total` AS `ReservaSuite.valorTotal`, `ReservaSuite`.`valor_original` AS `ReservaSuite.valorOriginal`, `ReservaSuite`.`desconto_tipo` AS `ReservaSuite.descontoTipo`, `ReservaSuite`.`desconto_valor` AS `ReservaSuite.descontoValor`, `ReservaSuite`.`valor_final` AS `ReservaSuite.valorFinal`, `ReservaSuite`.`status` AS `ReservaSuite.status`, `ReservaSuite`.`created_at` AS `ReservaSuite.createdAt`, `ReservaSuite`.`updated_at` AS `ReservaSuite.updatedAt`, `ReservaSuite->ReservaHospede`.`id` AS `ReservaSuite.ReservaHospede.id`, `ReservaSuite->ReservaHospede`.`id_reserva_suite` AS `ReservaSuite.ReservaHospede.idReservaSuite`, `ReservaSuite->ReservaHospede`.`nome` AS `ReservaSuite.ReservaHospede.nome`, `ReservaSuite->ReservaHospede`.`tipo` AS `ReservaSuite.ReservaHospede.tipo`, `ReservaSuite->ReservaHospede`.`data_nascimento` AS `ReservaSuite.ReservaHospede.dataNascimento`, `ReservaSuite->ReservaHospede`.`id_usuario` AS `ReservaSuite.ReservaHospede.idUsuario`, `ReservaSuite->ReservaHospede`.`created_at` AS `ReservaSuite.ReservaHospede.createdAt`, `ReservaSuite->ReservaHospede`.`updated_at` AS `ReservaSuite.ReservaHospede.updatedAt` FROM `ReservaHospedagem` AS `ReservaHospedagem` LEFT OUTER JOIN `ReservaSuite` AS `ReservaSuite` ON `ReservaHospedagem`.`id` = `ReservaSuite`.`id_reserva_hospedagem` LEFT OUTER JOIN `ReservaHospede` AS `ReservaSuite->ReservaHospede` ON `ReservaSuite`.`id` = `ReservaSuite->ReservaHospede`.`id_reserva_suite` WHERE `ReservaHospedagem`.`id` = 127; ([object Object]ms)
[DEBUG][SQL] Executing (default): SELECT `id`, `provider`, `place_id`, `id_evento_suite`, `id_evento`, `ativo`, `mapping_status`, `notes`, `mapped_at`, `mapped_by`, `created_at`, `updated_at` FROM `hospedin_place_suite_map` AS `HospedinPlaceSuiteMap` WHERE `HospedinPlaceSuiteMap`.`id_evento_suite` = 3 AND `HospedinPlaceSuiteMap`.`ativo` = true; ([object Object]ms)
[DEBUG][SQL] Executing (default): SELECT `id`, `place_id`, `place_type_id`, `nome`, `capacidade`, `ativo`, `payload_json`, `synced_at`, `created_at` AS `createdAt`, `updated_at` AS `updatedAt` FROM `hospedin_places` AS `HospedinPlace` WHERE `HospedinPlace`.`place_id` = 445912; ([object Object]ms)
[INFO][HospedinOutboundUpdate] outbound:update:patch-reservation {"correlationId":"hospedin_outbound-f9c4e516-0d5a-47cc-ba64-47a300959308","idReservaHospedagem":127,"outboundStateId":3,"hospedinReservationId":"30295972","patchKeys":["check_in","check_out"]}
[DEBUG][Hospedin] auth: account_id pronto {"accountId":"69532","source":"memory"}
[DEBUG][Hospedin] request:start {"method":"PATCH","endpoint":"/api/v2/69532/reservations/30295972"}
[DEBUG][Hospedin] request:body {"method":"PATCH","endpoint":"/api/v2/69532/reservations/30295972","body":{"check_in":"2026-10-18T10:00","check_out":"2026-10-20T08:00"},"authorization":"Bearer eyJhΓÇª********"}
[DEBUG][Hospedin] request:end {"method":"PATCH","endpoint":"/api/v2/69532/reservations/30295972","status":200,"durationMs":1496,"responseBody":{"id":30295972,"searchable_code":"HO:001321","sale_channel_id":null,"place_type_id":131941,"place_id":445912,"status":"reservation","check_in":"2026-10-18T14:00:00.000-03:00","check_out":"2026-10-20T12:00:00.000-03:00","daily_cents":0,"total_daily_cents":0,"adults":2,"children":0,"exempt":0,"note":"HOMOLOG OUTBOUND ETAPA3 CREATE REAL 2026-09-03T04:29:42.239Z\n\nHOMOLOG UPDATE OUTBOUND #127 - OBS ALTERADA\nReserva Jango #127","guest_id":22618876,"has_payment_coming_from_ota":false,"license_plate":null,"has_breakfast":false,"total_product":0,"total_service":0,"total_amount":0,"total_to_receive":0,"total_discount":0,"total_items":0,"total_received":0,"report_total_daily":0}}
[DEBUG][SQL] Executing (default): SELECT `id`, `id_reserva_hospedagem`, `outbound_status`, `desired_action`, `payload_hash`, `pending_payload_hash`, `synced_hash_input_json`, `hospedin_reservation_id`, `hospedin_guest_id`, `retry_count`, `next_retry_at`, `last_error`, `error_code`, `last_sync_at`, `last_success_at`, `processing_started_at`, `processing_correlation_id`, `dirty_at`, `outbound_version`, `created_at`, `updated_at` FROM `hospedin_outbound_sync_state` AS `HospedinOutboundSyncState` WHERE `HospedinOutboundSyncState`.`id` = 3; ([object Object]ms)
[DEBUG][SQL] Executing (default): SELECT `ReservaHospedagem`.`id`, `ReservaHospedagem`.`id_evento` AS `idEvento`, `ReservaHospedagem`.`id_usuario` AS `idUsuario`, `ReservaHospedagem`.`checkin`, `ReservaHospedagem`.`checkout`, `ReservaHospedagem`.`noites`, `ReservaHospedagem`.`preco`, `ReservaHospedagem`.`taxa_servico` AS `taxaServico`, `ReservaHospedagem`.`valor_total` AS `valorTotal`, `ReservaHospedagem`.`valor_pago` AS `valorPago`, `ReservaHospedagem`.`saldo_pendente` AS `saldoPendente`, `ReservaHospedagem`.`forma_pagamento_recepcao` AS `formaPagamentoRecepcao`, `ReservaHospedagem`.`observacao_pagamento` AS `observacaoPagamento`, `ReservaHospedagem`.`comprovante_pagamento` AS `comprovantePagamento`, `ReservaHospedagem`.`origem_reserva` AS `origemReserva`, `ReservaHospedagem`.`id_externo` AS `idExterno`, `ReservaHospedagem`.`codigo_externo` AS `codigoExterno`, `ReservaHospedagem`.`canal_venda` AS `canalVenda`, `ReservaHospedagem`.`possivel_pagamento_ota` AS `possivelPagamentoOta`, `ReservaHospedagem`.`possivel_pagamento_ota_trecho` AS `possivelPagamentoOtaTrecho`, `ReservaHospedagem`.`id_usuario_criacao` AS `idUsuarioCriacao`, `ReservaHospedagem`.`status`, `ReservaHospedagem`.`id_transacao` AS `idTransacao`, `ReservaHospedagem`.`token_pagamento` AS `tokenPagamento`, `ReservaHospedagem`.`expira_em` AS `expiraEm`, `ReservaHospedagem`.`link_pagamento_enviado_em` AS `linkPagamentoEnviadoEm`, `ReservaHospedagem`.`data_confirmacao` AS `dataConfirmacao`, `ReservaHospedagem`.`data_hora_checkin_real` AS `dataHoraCheckinReal`, `ReservaHospedagem`.`id_usuario_checkin` AS `idUsuarioCheckin`, `ReservaHospedagem`.`data_hora_checkout_realizado` AS `dataHoraCheckoutRealizado`, `ReservaHospedagem`.`id_usuario_checkout` AS `idUsuarioCheckout`, `ReservaHospedagem`.`observacoes`, `ReservaHospedagem`.`observacao_importada` AS `observacaoImportada`, `ReservaHospedagem`.`observacao_operador` AS `observacaoOperador`, `ReservaHospedagem`.`created_at` AS `createdAt`, `ReservaHospedagem`.`updated_at` AS `updatedAt`, `ReservaSuite`.`id` AS `ReservaSuite.id`, `ReservaSuite`.`id_reserva_hospedagem` AS `ReservaSuite.idReservaHospedagem`, `ReservaSuite`.`id_evento_suite` AS `ReservaSuite.idEventoSuite`, `ReservaSuite`.`adultos` AS `ReservaSuite.adultos`, `ReservaSuite`.`criancas` AS `ReservaSuite.criancas`, `ReservaSuite`.`preco` AS `ReservaSuite.preco`, `ReservaSuite`.`taxa_servico` AS `ReservaSuite.taxaServico`, `ReservaSuite`.`valor_total` AS `ReservaSuite.valorTotal`, `ReservaSuite`.`valor_original` AS `ReservaSuite.valorOriginal`, `ReservaSuite`.`desconto_tipo` AS `ReservaSuite.descontoTipo`, `ReservaSuite`.`desconto_valor` AS `ReservaSuite.descontoValor`, `ReservaSuite`.`valor_final` AS `ReservaSuite.valorFinal`, `ReservaSuite`.`status` AS `ReservaSuite.status`, `ReservaSuite`.`created_at` AS `ReservaSuite.createdAt`, `ReservaSuite`.`updated_at` AS `ReservaSuite.updatedAt`, `ReservaSuite->ReservaHospede`.`id` AS `ReservaSuite.ReservaHospede.id`, `ReservaSuite->ReservaHospede`.`id_reserva_suite` AS `ReservaSuite.ReservaHospede.idReservaSuite`, `ReservaSuite->ReservaHospede`.`nome` AS `ReservaSuite.ReservaHospede.nome`, `ReservaSuite->ReservaHospede`.`tipo` AS `ReservaSuite.ReservaHospede.tipo`, `ReservaSuite->ReservaHospede`.`data_nascimento` AS `ReservaSuite.ReservaHospede.dataNascimento`, `ReservaSuite->ReservaHospede`.`id_usuario` AS `ReservaSuite.ReservaHospede.idUsuario`, `ReservaSuite->ReservaHospede`.`created_at` AS `ReservaSuite.ReservaHospede.createdAt`, `ReservaSuite->ReservaHospede`.`updated_at` AS `ReservaSuite.ReservaHospede.updatedAt` FROM `ReservaHospedagem` AS `ReservaHospedagem` LEFT OUTER JOIN `ReservaSuite` AS `ReservaSuite` ON `ReservaHospedagem`.`id` = `ReservaSuite`.`id_reserva_hospedagem` LEFT OUTER JOIN `ReservaHospede` AS `ReservaSuite->ReservaHospede` ON `ReservaSuite`.`id` = `ReservaSuite->ReservaHospede`.`id_reserva_suite` WHERE `ReservaHospedagem`.`id` = 127; ([object Object]ms)
[DEBUG][SQL] Executing (default): SELECT `id`, `id_reserva_hospedagem`, `outbound_status`, `desired_action`, `payload_hash`, `pending_payload_hash`, `synced_hash_input_json`, `hospedin_reservation_id`, `hospedin_guest_id`, `retry_count`, `next_retry_at`, `last_error`, `error_code`, `last_sync_at`, `last_success_at`, `processing_started_at`, `processing_correlation_id`, `dirty_at`, `outbound_version`, `created_at`, `updated_at` FROM `hospedin_outbound_sync_state` AS `HospedinOutboundSyncState` WHERE `HospedinOutboundSyncState`.`id` = 3; ([object Object]ms)
[DEBUG][SQL] Executing (default): UPDATE `hospedin_outbound_sync_state` SET `outbound_status`=?,`payload_hash`=?,`last_sync_at`=?,`last_success_at`=?,`processing_started_at`=?,`processing_correlation_id`=?,`updated_at`=?,`outbound_version`=?,`synced_hash_input_json`=? WHERE `id` = ? ([object Object]ms)
[INFO][HospedinOutboundUpdate] outbound:update:success {"correlationId":"hospedin_outbound-f9c4e516-0d5a-47cc-ba64-47a300959308","idReservaHospedagem":127,"hospedinReservationId":"30295972"}
[INFO][HospedinOutboundRunner] outbound:runCycle:done {"correlationId":"hospedin_outbound-f9c4e516-0d5a-47cc-ba64-47a300959308","syncLimit":1,"candidates":1,"created":0,"updated":1,"skipped":0,"failed":0,"recovered":0}
[INFO][HospedinOutbound] outbound:runCycle:end {"correlationId":"hospedin_outbound-f9c4e516-0d5a-47cc-ba64-47a300959308","ok":true,"created":0,"updated":1,"failed":0,"skipped":0}
[Scheduler]
Hospedin Outbound

Importadas: 0
Validadas: 0
CREATE: 0
UPDATE: 1
CANCEL: 0
Ignoradas: 0
Falhas: 0

Tempo: 2s
Status: SUCCESS
[DEBUG][SQL] Executing (default): UPDATE `integration_sync_execution` SET `finished_at`=?,`duration_ms`=?,`status`=?,`imported`=?,`validated`=?,`validated_ready`=?,`validated_ignored`=?,`created_count`=?,`updated_count`=?,`cancelled_count`=?,`failed_count`=?,`skipped_count`=?,`unchanged_count`=?,`error_message`=?,`summary_json`=?,`updated_at`=? WHERE `id` = ? ([object Object]ms)
[DEBUG][SQL] Executing (default): UPDATE `integration_provider_state` SET `status`=?,`last_finished_at`=?,`last_duration_ms`=?,`heartbeat_at`=?,`last_success_at`=?,`updated_at`=? WHERE `id` = ? ([object Object]ms)
TESTE1_RESTORE_PROVIDER {
  "ok": true,
  "created": 0,
  "updated": 1,
  "failed": 0,
  "skipped": 0,
  "errorMessage": null,
  "details": {
    "trigger": "MANUAL",
    "mode": "incremental",
    "dryRun": false,
    "recovered": 0,
    "candidates": 1,
    "items": [
      {
        "id": 3,
        "idReservaHospedagem": 127,
        "action": "UPDATE",
        "claimed": true,
        "outcome": "updated"
      }
    ]
  }
}
[DEBUG][SQL] Executing (default): UPDATE hospedin_outbound_sync_state SET `id_reserva_hospedagem` = 124, `outbound_status` = 'PENDING_CREATE', `desired_action` = 'CREATE', `payload_hash` = NULL, `pending_payload_hash` = '6ac6573634f6c2486fccbc02c2b2c72bcda81f7a9bd90456abcfc67527248a56', `synced_hash_input_json` = NULL, `hospedin_reservation_id` = NULL, `hospedin_guest_id` = NULL, `retry_count` = 0, `next_retry_at` = NULL, `last_error` = NULL, `error_code` = NULL, `last_sync_at` = NULL, `last_success_at` = NULL, `processing_started_at` = NULL, `processing_correlation_id` = NULL, `dirty_at` = '2026-09-02 02:21:33', `outbound_version` = 0, `created_at` = '2026-09-02 02:21:33', `updated_at` = '2026-09-02 02:34:07' WHERE id_reserva_hospedagem = 124 ([object Object]ms)
[DEBUG][SQL] Executing (default): UPDATE hospedin_outbound_sync_state SET `id_reserva_hospedagem` = 126, `outbound_status` = 'PENDING_CREATE', `desired_action` = 'CREATE', `payload_hash` = NULL, `pending_payload_hash` = 'b91ef327962a07858335977385baa72c6cb79880ba42546fce980beb838ac92d', `synced_hash_input_json` = NULL, `hospedin_reservation_id` = NULL, `hospedin_guest_id` = NULL, `retry_count` = 0, `next_retry_at` = NULL, `last_error` = NULL, `error_code` = NULL, `last_sync_at` = NULL, `last_success_at` = NULL, `processing_started_at` = NULL, `processing_correlation_id` = NULL, `dirty_at` = '2026-09-02 02:34:07', `outbound_version` = 0, `created_at` = '2026-09-02 02:34:07', `updated_at` = '2026-09-02 02:34:07' WHERE id_reserva_hospedagem = 126 ([object Object]ms)
FINALLY: isolamento 124/126 restaurado.
node : HOMOLOG_FATAL Error: TESTE1_RESTORE: esperado 1 PATCH, got 2
No C:\Users\PC-Adams\AppData\Local\Temp\ps-script-4a5e8d7c-99b1-40bf-835d-7948e7f3bd54.ps1:122 caractere:44
+ ... icket-node; node scripts/_homolog-etapa5-outbound-update-periodo-suit ...
+                 ~~~~~~~~~~~~~~~~~~~~~~~~~~~~~~~~~~~~~~~~~~~~~~~~~~~~~~~~~
    + CategoryInfo          : NotSpecified: (HOMOLOG_FATAL E... 1 PATCH, got 2:String) [], RemoteException
    + FullyQualifiedErrorId : NativeCommandError
 
    at processUpdateCycle 
(C:\projetos\JangoIngressos\ticket-node\scripts\_homolog-etapa5-outbound-update-periodo-suite-real.js:348:11)
    at process.processTicksAndRejections (node:internal/process/task_queues:95:5)
    at async main 
(C:\projetos\JangoIngressos\ticket-node\scripts\_homolog-etapa5-outbound-update-periodo-suite-real.js:457:17)
